geoid,countyfp,prc_nonengprof_final,prc_nonengprof_final_unreliable_flag,prc_caraccess_final,prc_caraccess_final_unreliable_flag,prcdisabled_final,prcdisabled_final_unreliable_flag,prc_pov_final,prc_pov_final_unreliable_flag,prc_youth_final,prc_youth_final_unreliable_flag,prc_asian,prc_asian_unreliable_flag,prc_black,prc_black_unreliable_flag,prc_latino,prc_latino_unreliable_flag,prc_white,prc_white_unreliable_flag,cvapdens,cvapdens_unreliable_flag,tot_elignonreg_prc_final,tot_elignonreg_prc_final_unreliable_flag,job_dens,pollvoter_dens,pop10,areakm,popdens,vbm_rate_tot,vbm_rate_lat,vbm_rate_asn,vbm_rate_youth
48055960101,55,0.21322,0,0.98044,0,0.09002,0,0.1378,0,0.11372,0,0.0,1,0.00355,1,0.68687,0,0.27979,0,0.136,0,0.06559,0,0.03679,0.15083,5626,267.65595,21.01952,0.06678,0.05034,0.0,0.00405
48055960102,55,0.05806,0,0.98727,0,0.12861,0,0.14056,0,0.05384,0,0.0,1,0.07333,1,0.40009,0,0.52077,0,0.10661,0,0.0779,0,0.07295,0.13643,3840,323.71949,11.86212,0.06623,0.05194,0.0,0.00028
48055960200,55,0.13494,0,0.87599,0,0.1346,0,0.23354,0,0.06716,0,0.00305,1,0.10074,0,0.54319,0,0.34046,0,0.144,0,0.0,1,0.17951,0.09419,5199,29.50534,176.20539,0.0873,0.0838,0.13208,0.00137
48055960300,55,0.04652,0,0.98049,0,0.1109,0,0.06846,0,0.05965,0,0.08292,0,0.02282,1,0.43809,0,0.45617,0,0.11078,0,0.0,1,0.33555,0.16044,4177,10.44736,399.81406,0.08887,0.06688,0.0,0.01541
48055960400,55,0.0766,0,0.9344,0,0.1663,0,0.14093,0,0.08219,0,0.0,1,0.06554,0,0.63363,0,0.27908,0,0.09791,0,0.18823,0,0.09642,0.08649,3606,23.97313,150.41838,0.10275,0.0932,0.0,0.01063
48055960500,55,0.10951,0,0.98317,0,0.15175,0,0.27674,0,0.2573,0,0.0,1,0.07999,0,0.53739,0,0.36829,0,0.1913,0,0.0937,0,0.04916,0.14843,7602,233.28699,32.58647,0.06795,0.07236,0.0,0.01204
48055960600,55,0.04646,1,1.0,0,0.10033,0,0.03868,0,0.05531,0,0.0,1,0.01122,1,0.18036,0,0.79399,0,0.0687,0,0.0,1,0.03457,0.17345,2356,493.91846,4.77002,0.06029,0.04892,0.0,0.00369
48055960700,55,0.16282,0,0.91819,0,0.1145,0,0.33328,0,0.08435,0,0.0038,1,0.07725,1,0.48745,0,0.4135,0,0.1447,0,0.7037,0,0.19505,0.04973,5660,34.63524,163.41739,0.06396,0.06177,0.0,0.01039
