geoid,countyfp,prc_nonengprof_final,prc_nonengprof_final_unreliable_flag,prc_caraccess_final,prc_caraccess_final_unreliable_flag,prcdisabled_final,prcdisabled_final_unreliable_flag,prc_pov_final,prc_pov_final_unreliable_flag,prc_youth_final,prc_youth_final_unreliable_flag,prc_asian,prc_asian_unreliable_flag,prc_black,prc_black_unreliable_flag,prc_latino,prc_latino_unreliable_flag,prc_white,prc_white_unreliable_flag,cvapdens,cvapdens_unreliable_flag,tot_elignonreg_prc_final,tot_elignonreg_prc_final_unreliable_flag,job_dens,pollvoter_dens,pop10,areakm,popdens,vbm_rate_tot,vbm_rate_lat,vbm_rate_asn,vbm_rate_youth
48331950100,331,0.05595,0,0.98483,0,0.14232,0,0.06844,0,0.02044,1,0.01333,1,0.03644,1,0.29378,0,0.65467,0,0.07999,0,0.0,1,0.01995,0.1672,2469,832.5987,2.96541,0.0987,0.04374,0.0,0.03038
48331950300,331,0.01683,1,0.9582,0,0.17292,0,0.06524,0,0.06139,0,0.00578,1,0.00674,1,0.25638,0,0.71979,0,0.17977,0,0.0,1,0.07653,0.35464,3861,654.46335,5.89949,0.08324,0.08044,0.0,0.02098
48331950401,331,0.04051,0,0.86719,0,0.20638,0,0.22743,0,0.11925,0,0.00674,1,0.14378,0,0.2008,0,0.64347,0,0.11845,0,0.64802,0,0.13928,0.04178,3292,105.95777,31.06898,0.11062,0.04775,0.0,0.00061
48331950402,331,0.07587,1,0.92007,0,0.1875,0,0.31365,0,0.07877,0,0.00154,1,0.21969,0,0.28431,0,0.44985,0,0.13211,0,0.46756,0,0.28147,0.08382,3736,155.21113,24.07044,0.09375,0.06558,0.0,0.02388
48331950500,331,0.02652,1,0.9786,0,0.1575,0,0.09669,0,0.0688,0,0.00483,1,0.08293,0,0.14541,0,0.74489,0,0.11594,0,0.0,1,0.05259,0.18104,2612,557.52096,4.68503,0.0794,0.0724,0.0,0.00336
48331950700,331,0.0686,0,0.96603,0,0.14331,0,0.18386,0,0.09388,0,0.00567,1,0.10278,0,0.35351,0,0.53318,0,0.23969,0,0.94174,0,0.3765,0.01557,5915,19.84768,298.01968,0.09133,0.09051,0.0,0.0078
48331950800,331,0.02875,0,0.95371,0,0.1122,0,0.10067,0,0.10947,0,0.0,1,0.04285,1,0.22297,0,0.71175,0,0.13406,0,0.06094,0,0.05368,0.15595,2872,320.77688,8.95326,0.061,0.05993,0.33333,0.01765
