geoid,countyfp,prc_nonengprof_final,prc_nonengprof_final_unreliable_flag,prc_caraccess_final,prc_caraccess_final_unreliable_flag,prcdisabled_final,prcdisabled_final_unreliable_flag,prc_pov_final,prc_pov_final_unreliable_flag,prc_youth_final,prc_youth_final_unreliable_flag,prc_asian,prc_asian_unreliable_flag,prc_black,prc_black_unreliable_flag,prc_latino,prc_latino_unreliable_flag,prc_white,prc_white_unreliable_flag,cvapdens,cvapdens_unreliable_flag,tot_elignonreg_prc_final,tot_elignonreg_prc_final_unreliable_flag,job_dens,pollvoter_dens,pop10,areakm,popdens,vbm_rate_tot,vbm_rate_lat,vbm_rate_asn,vbm_rate_youth
48487950300,487,0.01355,1,0.95369,0,0.11681,0,0.08993,0,0.09216,0,0.0053,1,0.01854,1,0.08951,0,0.88136,0,0.14472,0,0.0,1,0.0721,0.95981,1849,2437.06125,0.7587,0.09409,0.06259,0.0,0.02834
48487950500,487,0.10801,0,0.84834,0,0.29345,0,0.30638,0,0.1357,0,0.04279,1,0.18813,0,0.298,0,0.44564,0,0.22384,0,0.95109,0,0.5888,0.01419,2955,34.26082,86.25011,0.09994,0.05225,0.0,0.04638
48487950600,487,0.03531,1,0.99513,0,0.18804,0,0.13392,0,0.06154,0,0.0,1,0.09033,0,0.26409,0,0.61834,0,0.45341,0,0.98118,0,0.08118,0.01154,5994,27.59828,217.18747,0.08575,0.04717,0.0,0.03955
48487950700,487,0.08906,0,0.92149,0,0.18775,0,0.29059,0,0.08549,0,0.0,1,0.07216,0,0.4949,0,0.41294,0,0.17803,0,0.93234,0,0.25791,0.01446,2737,33.81218,80.94716,0.07953,0.06054,0.0,0.01379
