geoid,countyfp,prc_nonengprof_final,prc_nonengprof_final_unreliable_flag,prc_caraccess_final,prc_caraccess_final_unreliable_flag,prcdisabled_final,prcdisabled_final_unreliable_flag,prc_pov_final,prc_pov_final_unreliable_flag,prc_youth_final,prc_youth_final_unreliable_flag,prc_asian,prc_asian_unreliable_flag,prc_black,prc_black_unreliable_flag,prc_latino,prc_latino_unreliable_flag,prc_white,prc_white_unreliable_flag,cvapdens,cvapdens_unreliable_flag,tot_elignonreg_prc_final,tot_elignonreg_prc_final_unreliable_flag,job_dens,pollvoter_dens,pop10,areakm,popdens,vbm_rate_tot,vbm_rate_lat,vbm_rate_asn,vbm_rate_youth
48219950100,219,0.08346,0,0.94908,0,0.22013,0,0.21616,0,0.05305,0,0,1,0.03656,1,0.44086,0,0.49032,0,0.06181,0,0.11873,0,0.00963,0.06835,1504,214.15758,7.02287,0.06641,0.05096,,
48219950200,219,0.03182,0,0.98926,0,0.10416,0,0.13818,0,0.11639,0,0,1,0.0148,1,0.35905,0,0.61247,0,0.2005,0,0,1,0.10912,0.48989,4158,1404.06334,2.9614,0.06231,0.04085,0.05472,
48219950300,219,0.12622,0,0.91187,0,0.12689,0,0.18811,0,0.08715,0,0.00726,1,0.02224,1,0.50045,0,0.45506,0,0.18795,0,0.4383,0,0.13287,0.12917,4321,12.18642,354.57513,0.07566,0.0373,,
48219950400,219,0.12251,0,0.89881,0,0.15313,0,0.21502,0,0.10303,0,0,1,0.03093,0,0.73251,0,0.23144,0,0.18481,0,0.79262,0,0.41609,0.0313,4943,12.69695,389.30623,0.06298,0.05409,,
48219950500,219,0.08375,0,0.96976,0,0.09053,0,0.1243,0,0.18088,0,0.00517,1,0.07013,0,0.39624,0,0.5024,0,0.23627,0,0.84801,0,0.24378,0.04947,4816,15.21479,316.53414,0.09895,0.02727,,
48219950600,219,0.04769,0,0.97552,0,0.17458,0,0.14736,0,0.08005,0,0.00339,1,0.00136,1,0.29512,0,0.673,0,0.06746,0,0,1,0.02397,0.10799,1476,358.64349,4.11551,0.05608,0.06325,0,
48219950700,219,0.07105,0,0.966,0,0.09864,0,0.11736,0,0.08433,0,0.01195,1,0.00703,1,0.46732,0,0.49543,0,0.06119,0,0,1,0.06453,0.12383,1717,336.20748,5.10697,0.0456,0.02814,0,
