geoid,countyfp,prc_nonengprof_final,prc_nonengprof_final_unreliable_flag,prc_caraccess_final,prc_caraccess_final_unreliable_flag,prcdisabled_final,prcdisabled_final_unreliable_flag,prc_pov_final,prc_pov_final_unreliable_flag,prc_youth_final,prc_youth_final_unreliable_flag,prc_asian,prc_asian_unreliable_flag,prc_black,prc_black_unreliable_flag,prc_latino,prc_latino_unreliable_flag,prc_white,prc_white_unreliable_flag,cvapdens,cvapdens_unreliable_flag,tot_elignonreg_prc_final,tot_elignonreg_prc_final_unreliable_flag,job_dens,pollvoter_dens,pop10,areakm,popdens,vbm_rate_tot,vbm_rate_lat,vbm_rate_asn,vbm_rate_youth
48219950100,219,0.08346,0,0.94908,0,0.22013,0,0.21616,0,0.05305,0,0.0,1,0.03656,1,0.44086,0,0.49032,0,0.06181,0,0.12179,0,0.00963,0.06726,1504,214.15758,7.02287,0.06493,0.05132,0.0,0.00049
48219950200,219,0.03182,0,0.98926,0,0.10416,0,0.13818,0,0.11639,0,0.0,1,0.0148,1,0.35905,0,0.61247,0,0.2005,0,0.0,1,0.10912,0.49123,4158,1404.06334,2.9614,0.05963,0.03912,0.05472,0.0169
48219950300,219,0.12622,0,0.91187,0,0.12689,0,0.18811,0,0.08715,0,0.00726,1,0.02224,1,0.50045,0,0.45506,0,0.18795,0,0.44088,0,0.13287,0.13065,4321,12.18642,354.57513,0.07213,0.03673,,0.00243
48219950400,219,0.12251,0,0.89881,0,0.15313,0,0.21502,0,0.10303,0,0.0,1,0.03093,0,0.73251,0,0.23144,0,0.18481,0,0.793,0,0.41609,0.03106,4943,12.69695,389.30623,0.06102,0.05381,,0.00108
48219950500,219,0.08375,0,0.96976,0,0.09053,0,0.1243,0,0.18088,0,0.00517,1,0.07013,0,0.39624,0,0.5024,0,0.23627,0,0.84875,0,0.24378,0.04934,4816,15.21479,316.53414,0.09566,0.02687,,0.00694
48219950600,219,0.04769,0,0.97552,0,0.17458,0,0.14736,0,0.08005,0,0.00339,1,0.00136,1,0.29512,0,0.673,0,0.06746,0,0.0,1,0.02397,0.10591,1476,358.64349,4.11551,0.05391,0.06249,0.0,0.00274
48219950700,219,0.07105,0,0.966,0,0.09864,0,0.11736,0,0.08433,0,0.01195,1,0.00703,1,0.46732,0,0.49543,0,0.06119,0,0.0,1,0.06453,0.12456,1717,336.20748,5.10697,0.04364,0.02761,0.0,0.00997
