geoid,countyfp,prc_nonengprof_final,prc_nonengprof_final_unreliable_flag,prc_caraccess_final,prc_caraccess_final_unreliable_flag,prcdisabled_final,prcdisabled_final_unreliable_flag,prc_pov_final,prc_pov_final_unreliable_flag,prc_youth_final,prc_youth_final_unreliable_flag,prc_asian,prc_asian_unreliable_flag,prc_black,prc_black_unreliable_flag,prc_latino,prc_latino_unreliable_flag,prc_white,prc_white_unreliable_flag,cvapdens,cvapdens_unreliable_flag,tot_elignonreg_prc_final,tot_elignonreg_prc_final_unreliable_flag,job_dens,pollvoter_dens,pop10,areakm,popdens,vbm_rate_tot,vbm_rate_lat,vbm_rate_asn,vbm_rate_youth
48463950100,463,0.03537,1,0.81018,0,0.0977,0,0.18949,0,0.04204,0,0.0,1,0.0,1,0.3711,0,0.59278,0,0.12009,0,0.0,1,0.07559,0.14886,3257,1100.08648,2.96068,0.07438,0.10423,,0.03633
48463950200,463,0.09155,0,0.96069,0,0.11626,0,0.2565,0,0.1605,0,0.01658,1,0.00152,1,0.63838,0,0.34294,0,0.33053,0,0.0,1,0.38757,0.63827,7740,2908.78137,2.66091,0.09827,0.10822,0.0,0.02082
48463950300,463,0.24545,0,0.98246,0,0.12414,0,0.11246,1,0.04004,1,0.01384,1,0.0,1,0.855,0,0.1216,0,0.21942,0,0.24201,0,0.09747,0.15974,6519,8.32673,782.90033,0.14918,0.16612,,0.00774
48463950400,463,0.07605,0,0.95113,0,0.11497,0,0.19805,0,0.08074,0,0.0077,1,0.00485,1,0.69101,0,0.27989,0,0.11336,0,0.95191,0,0.20587,0.00643,3014,5.549,543.16083,0.08794,0.08752,0.0,0.01634
48463950500,463,0.21635,0,0.87251,0,0.15308,0,0.11599,0,0.14894,0,0.0,1,0.01012,1,0.88873,0,0.10115,0,0.21661,0,0.74247,0,0.2335,0.0467,5875,14.09991,416.66927,0.18119,0.19872,0.0,0.00549
