,geoid,countyfp,prc_nonengprof_final,prc_nonengprof_final_unreliable_flag,prc_caraccess_final,prc_caraccess_final_unreliable_flag,prcdisabled_final,prcdisabled_final_unreliable_flag,prc_pov_final,prc_pov_final_unreliable_flag,prc_youth_final,prc_youth_final_unreliable_flag,prc_asian,prc_asian_unreliable_flag,prc_black,prc_black_unreliable_flag,prc_latino,prc_latino_unreliable_flag,prc_white,prc_white_unreliable_flag,cvapdens,cvapdens_unreliable_flag,tot_elignonreg_prc_final,tot_elignonreg_prc_final_unreliable_flag,job_dens,pollvoter_dens,pop10,areakm,popdens,vbm_rate_tot,vbm_rate_lat,vbm_rate_asn,vbm_rate_youth
0,48507950100,507,0.13435,0,0.86387,0,0.33207,0,0.5193399999999999,0,0.08287,1,0.0,1,0.0,1,0.9951700000000001,0,,1,0.12516,0,,0,0.03655,0.09187999999999999,1232,1117.11156,,0.0805,0.09015,0.0,
1,48507950200,507,0.14212,0,0.87785,0,0.15625,0,0.35261,0,0.07898,0,0.0,1,0.0,1,0.7406699999999999,0,,0,0.12579,0,,0,0.07309,0.12834,1880,592.877,,0.05417999999999999,0.058339999999999996,,
2,48507950301,507,0.07874,0,0.8336100000000001,0,0.29569,0,0.46697,0,0.12134,0,0.00144,1,0.0038399999999999997,1,0.8949600000000001,0,,1,0.17067000000000002,0,,1,0.5482100000000001,0.59841,2254,1641.90744,,0.1323,0.13733,,
3,48507950302,507,0.20881999999999998,0,0.93616,0,0.17,0,0.25834,0,0.12902,0,0.0,1,0.00464,1,0.98666,0,,1,0.57838,0,,0,0.34215,0.18137,6311,19.580920000000003,,0.1324,0.13430999999999998,,
