geoid,countyfp,prc_nonengprof_final,prc_nonengprof_final_unreliable_flag,prc_caraccess_final,prc_caraccess_final_unreliable_flag,prcdisabled_final,prcdisabled_final_unreliable_flag,prc_pov_final,prc_pov_final_unreliable_flag,prc_youth_final,prc_youth_final_unreliable_flag,prc_asian,prc_asian_unreliable_flag,prc_black,prc_black_unreliable_flag,prc_latino,prc_latino_unreliable_flag,prc_white,prc_white_unreliable_flag,cvapdens,cvapdens_unreliable_flag,tot_elignonreg_prc_final,tot_elignonreg_prc_final_unreliable_flag,job_dens,pollvoter_dens,pop10,areakm,popdens,vbm_rate_tot,vbm_rate_lat,vbm_rate_asn,vbm_rate_youth
48057000100,57,0.18308,0,0.95627,0,0.0807,0,0.0633,0,0.13025,0,0.10842,0,0.01926,1,0.52045,0,0.35186,0,0.24057,0,0.26965,0,0.24474,0.19362,5409,18.70131,289.23106,0.11211,0.09377,0.13141,0.01492
48057000200,57,0.16092,0,0.95525,0,0.13295,0,0.2217,0,0.10154,0,0.02395,1,0.04697,0,0.72116,0,0.20355,0,0.18666,0,0.45131,0,0.07205,0.09266,4375,11.7351,372.81319,0.11767,0.11296,0.0,0.05365
48057000300,57,0.01724,1,0.96875,0,0.10127,0,0.07544,0,0.08992,0,0.00604,1,0.05432,1,0.18527,0,0.72842,0,0.08659,0,0.29392,0,0.2531,0.08575,1454,478.46877,3.03886,0.08252,0.04006,0.19005,0.00444
48057000400,57,0.09337,0,0.97594,0,0.19726,0,0.12625,0,0.04335,0,0.05324,0,0.01542,1,0.50415,0,0.41469,0,0.32783,0,0.0,1,0.31247,0.38063,6255,481.52079,12.99009,0.0913,0.08964,0.02446,0.03188
48057000500,57,0.10558,0,0.96471,0,0.2854,0,0.19868,0,0.10024,0,0.02065,1,0.0,1,0.25344,0,0.68911,0,0.15836,0,0.07402,0,0.11765,0.20525,3888,1407.0438,2.76324,0.0664,0.06216,0.0,0.0
48057990000,57,,1,,1,,1,,1,,1,,1,,1,,1,,1,0.0,1,0.0,1,,0.04209,0,277.12257,0.0,0.06261,0.06838,0.0,0.0
