geoid,countyfp,prc_nonengprof_final,prc_nonengprof_final_unreliable_flag,prc_caraccess_final,prc_caraccess_final_unreliable_flag,prcdisabled_final,prcdisabled_final_unreliable_flag,prc_pov_final,prc_pov_final_unreliable_flag,prc_youth_final,prc_youth_final_unreliable_flag,prc_asian,prc_asian_unreliable_flag,prc_black,prc_black_unreliable_flag,prc_latino,prc_latino_unreliable_flag,prc_white,prc_white_unreliable_flag,cvapdens,cvapdens_unreliable_flag,tot_elignonreg_prc_final,tot_elignonreg_prc_final_unreliable_flag,job_dens,pollvoter_dens,pop10,areakm,popdens,vbm_rate_tot,vbm_rate_lat,vbm_rate_asn,vbm_rate_youth
48449950100,449,0.01654,1,0.97083,0,0.16145,0,0.15843,0,0.03402,1,0.0,1,0.10671,0,0.24045,0,0.64958,0,0.08187,0,0.0323,0,0.00546,0.09547,2102,320.40242,6.5605,0.05364,0.05954,0.0,0.01473
48449950200,449,0.20554,0,0.99404,0,0.07611,0,0.15319,0,0.06709,0,0.00596,1,0.02944,1,0.50466,0,0.45285,0,0.07709,0,0.0,1,0.03037,0.09562,2647,204.29355,12.95685,0.05936,0.03134,0.0,0.0432
48449950300,449,0.14325,0,0.96085,0,0.09844,0,0.2545,0,0.10317,0,0.02174,1,0.05645,0,0.39894,0,0.51152,0,0.2722,0,0.0,1,0.44493,0.3417,8215,273.66956,30.01795,0.06606,0.01183,0.0,0.00884
48449950400,449,0.09032,0,0.99793,0,0.06756,0,0.0989,0,0.10469,0,0.00833,1,0.03876,0,0.2092,0,0.73012,0,0.20707,0,0.0,1,0.05948,0.24528,5774,278.38616,20.74097,0.05615,0.00467,0.0,0.01708
48449950500,449,0.27519,0,0.95443,0,0.11425,0,0.14614,0,0.17359,0,0.00408,1,0.04748,0,0.72033,0,0.21884,0,0.07044,0,0.06106,0,0.0781,0.05184,2953,8.90958,331.44112,0.08863,0.02391,0.0,0.00557
48449950600,449,0.25306,0,0.90082,0,0.10225,0,0.11458,0,0.12803,0,0.00445,1,0.17145,0,0.55734,0,0.25161,0,0.12733,0,0.44959,0,0.28579,0.0571,4516,5.47166,825.34296,0.09264,0.03741,0.0,0.00451
48449950700,449,0.24963,0,0.9447,0,0.11572,0,0.30972,0,0.114,0,0.01933,1,0.26267,0,0.552,0,0.13667,0,0.03801,0,0.64605,0,0.06578,0.01092,1426,2.83275,503.3978,0.1372,0.01392,0.0,0.02429
48449950800,449,0.2069,0,0.92902,0,0.1452,0,0.16873,0,0.06979,0,0.0,1,0.13269,0,0.47314,0,0.33287,0,0.126,0,0.32233,0,0.03009,0.10208,4701,8.44602,556.59341,0.06776,0.01404,0.0,0.02879
