geoid,countyfp,prc_nonengprof_final,prc_nonengprof_final_unreliable_flag,prc_caraccess_final,prc_caraccess_final_unreliable_flag,prcdisabled_final,prcdisabled_final_unreliable_flag,prc_pov_final,prc_pov_final_unreliable_flag,prc_youth_final,prc_youth_final_unreliable_flag,prc_asian,prc_asian_unreliable_flag,prc_black,prc_black_unreliable_flag,prc_latino,prc_latino_unreliable_flag,prc_white,prc_white_unreliable_flag,cvapdens,cvapdens_unreliable_flag,tot_elignonreg_prc_final,tot_elignonreg_prc_final_unreliable_flag,job_dens,pollvoter_dens,pop10,areakm,popdens,vbm_rate_tot,vbm_rate_lat,vbm_rate_asn,vbm_rate_youth
48337950100,337,0.0,1,0.95135,0,0.17205,0,0.1042,0,0.05002,0,0.0,1,0.00223,1,0.01474,1,0.96382,0,0.12392,0,0.00584,0,0.05145,0.13848,2583,513.78457,5.0274,0.046,0.00911,0.0,0.01735
48337950200,337,0.00468,1,0.98707,0,0.18876,0,0.06656,1,0.05246,0,0.0,1,0.00108,1,0.03353,1,0.90806,0,0.09103,0,0.0,1,0.03095,0.21033,1777,666.34096,2.6668,0.05502,0.0409,,0.03322
48337950300,337,0.0785,0,0.86384,0,0.20203,0,0.25566,0,0.07403,0,0.0,1,0.00143,1,0.19778,0,0.77289,0,0.13984,0,0.96983,0,0.32275,0.00437,2838,8.14021,348.63959,0.05309,0.02951,,0.04479
48337950400,337,0.07507,0,0.99806,0,0.16546,0,0.12658,0,0.06941,0,0.0,1,0.01109,1,0.19924,0,0.74245,0,0.24611,0,0.0,1,0.11937,0.42326,5108,701.91244,7.27726,0.04781,0.00411,0.0,0.02685
48337950500,337,0.00941,1,0.94233,0,0.20969,0,0.2082,0,0.09788,0,0.0,1,0.00813,1,0.0687,0,0.92318,0,0.28834,0,0.6957,0,0.44333,0.08984,5412,19.72046,274.43582,0.04516,0.0,0.0,0.00256
48337950600,337,0.01057,1,0.98896,0,0.22767,0,0.09968,0,0.04133,0,0.0,1,0.00918,1,0.03878,0,0.93878,0,0.11076,0,0.0,1,0.03215,0.13372,2001,520.22353,3.84642,0.04995,0.03313,0.0,0.03183
