geoid,countyfp,prc_nonengprof_final,prc_nonengprof_final_unreliable_flag,prc_caraccess_final,prc_caraccess_final_unreliable_flag,prcdisabled_final,prcdisabled_final_unreliable_flag,prc_pov_final,prc_pov_final_unreliable_flag,prc_youth_final,prc_youth_final_unreliable_flag,prc_asian,prc_asian_unreliable_flag,prc_black,prc_black_unreliable_flag,prc_latino,prc_latino_unreliable_flag,prc_white,prc_white_unreliable_flag,cvapdens,cvapdens_unreliable_flag,tot_elignonreg_prc_final,tot_elignonreg_prc_final_unreliable_flag,job_dens,pollvoter_dens,pop10,areakm,popdens,vbm_rate_tot,vbm_rate_lat,vbm_rate_asn,vbm_rate_youth
48325000101,325,0.11179,0,0.9459,0,0.12963,0,0.17201,0,0.1161,0,0.0,1,0.00652,1,0.55819,0,0.42752,0,0.13982,0,0.29685,0,0.07262,0.11593,6351,140.94088,45.06145,0.06782,0.07823,0.0,0.01034
48325000102,325,0.03088,0,0.96291,0,0.12126,0,0.1035,0,0.07488,0,0.00618,1,0.0272,1,0.39283,0,0.53652,0,0.18616,0,0.0,1,0.11384,0.26932,7709,384.16752,20.06677,0.06067,0.05188,0.0,0.0169
48325000200,325,0.02554,1,0.96995,0,0.15395,0,0.1332,1,0.05962,1,0.0,1,0.0,1,0.36026,0,0.63974,0,0.03259,0,0.0,1,0.04195,0.0592,1760,1148.04393,1.53304,0.09216,0.10725,0.0,0.04759
48325000300,325,0.05459,0,0.98126,0,0.10852,0,0.0525,1,0.12453,0,0.02076,1,0.10154,0,0.43487,0,0.43711,0,0.1696,0,0.0,1,0.24141,0.14395,8490,808.89722,10.49577,0.08802,0.10475,0.0,0.01582
48325000401,325,0.09542,0,0.94913,0,0.15694,0,0.07718,0,0.12325,0,0.0,1,0.018,1,0.74727,0,0.22555,0,0.11151,0,0.0,1,0.06133,0.12022,5477,90.47824,60.53389,0.07912,0.08768,0.0,0.02675
48325000402,325,0.03927,0,0.94396,0,0.17919,0,0.12337,0,0.1094,0,0.00781,1,0.0,1,0.54061,0,0.44471,0,0.09175,0,0.0,1,0.01472,0.11282,4107,198.99271,20.63895,0.07677,0.08233,0.0,0.01242
48325000500,325,0.07662,0,0.92569,0,0.14505,0,0.10081,0,0.08401,0,0.00223,1,0.0013,1,0.60316,0,0.37435,0,0.10417,0,0.18324,0,0.22375,0.09087,5129,458.13338,11.19543,0.08958,0.11791,0.0,0.02031
48325000800,325,0.06951,0,0.93606,0,0.16277,0,0.13789,0,0.06891,0,0.00857,1,0.00127,1,0.51668,0,0.47081,0,0.1644,0,0.50496,0,0.23037,0.08769,6983,226.77198,30.79305,0.08073,0.09722,0.0,0.01793
