geoid,countyfp,prc_nonengprof_final,prc_nonengprof_final_unreliable_flag,prc_caraccess_final,prc_caraccess_final_unreliable_flag,prcdisabled_final,prcdisabled_final_unreliable_flag,prc_pov_final,prc_pov_final_unreliable_flag,prc_youth_final,prc_youth_final_unreliable_flag,prc_asian,prc_asian_unreliable_flag,prc_black,prc_black_unreliable_flag,prc_latino,prc_latino_unreliable_flag,prc_white,prc_white_unreliable_flag,cvapdens,cvapdens_unreliable_flag,tot_elignonreg_prc_final,tot_elignonreg_prc_final_unreliable_flag,job_dens,pollvoter_dens,pop10,areakm,popdens,vbm_rate_tot,vbm_rate_lat,vbm_rate_asn,vbm_rate_youth
48143950100,143,0.00637,1,0.98026,0,0.06932,0,0.06431,0,0.09434,0,0.00266,1,0.0,1,0.10444,0,0.88839,0,0.09938,0,0.0,1,0.01762,0.15876,3054,819.35106,3.72734,0.06503,0.04256,0.0,0.02178
48143950201,143,0.0234,1,0.98908,0,0.1137,0,0.03435,1,0.09892,0,0.01237,1,0.0,1,0.0793,1,0.90591,0,0.08941,0,0.12201,0,0.08104,0.10482,3455,304.8798,11.33233,0.064,0.03175,0.0,0.02126
48143950202,143,0.06192,1,0.98297,0,0.06497,0,0.18503,0,0.12736,0,0.01874,0,0.00747,1,0.20696,0,0.75585,0,0.16198,0,0.0,1,0.0723,0.2225,6399,576.25254,11.10451,0.06861,0.02606,0.0,0.01749
48143950300,143,0.10769,1,0.98978,0,0.08047,0,0.21049,0,0.08911,0,0.0,1,0.00356,1,0.3511,0,0.5876,0,0.11033,0,0.02059,0,0.08554,0.13432,6193,459.84837,13.46748,0.06747,0.02302,0.0,0.01176
48143950400,143,0.02899,0,0.9295,0,0.10391,0,0.14588,0,0.25823,0,0.01899,0,0.02124,0,0.22517,0,0.7265,0,0.1744,0,0.47227,0,0.43111,0.11713,6517,11.91002,547.1863,0.06733,0.01475,0.0,0.00797
48143950500,143,0.01567,1,0.90663,0,0.08466,0,0.33622,0,0.42416,0,0.00429,1,0.05101,1,0.18197,0,0.75389,0,0.21183,0,0.52523,0,0.15273,0.12227,6967,21.54354,323.39163,0.06316,0.0229,0.0,0.01153
48143950600,143,0.07195,0,0.83309,0,0.16106,0,0.21892,0,0.29382,0,0.0,1,0.03189,1,0.25917,0,0.68634,0,0.10101,0,0.66969,0,0.14666,0.0402,3153,14.13133,223.12129,0.06203,0.0239,0.0,0.01389
48143950700,143,0.04583,1,0.9697,0,0.09282,1,0.1101,0,0.07879,0,0.00101,1,0.0,1,0.24343,0,0.74192,0,0.05165,0,0.0,1,0.013,0.10001,2152,614.66999,3.50107,0.07036,0.00843,0.0,0.02528
