geoid,countyfp,prc_nonengprof_final,prc_nonengprof_final_unreliable_flag,prc_caraccess_final,prc_caraccess_final_unreliable_flag,prcdisabled_final,prcdisabled_final_unreliable_flag,prc_pov_final,prc_pov_final_unreliable_flag,prc_youth_final,prc_youth_final_unreliable_flag,prc_asian,prc_asian_unreliable_flag,prc_black,prc_black_unreliable_flag,prc_latino,prc_latino_unreliable_flag,prc_white,prc_white_unreliable_flag,cvapdens,cvapdens_unreliable_flag,tot_elignonreg_prc_final,tot_elignonreg_prc_final_unreliable_flag,job_dens,pollvoter_dens,pop10,areakm,popdens,vbm_rate_tot,vbm_rate_lat,vbm_rate_asn,vbm_rate_youth
48407200101,407,0.03238,0,0.94586,0,0.23424,0,0.16913,0,0.08665,0,0.0,1,0.07625,0,0.11677,0,0.78261,0,0.25355,0,0.25841,0,0.59326,0.19339,6336,260.12535,24.35749,0.05704,0.0277,0.0,0.00661
48407200102,407,0.04526,1,0.99035,0,0.16429,0,0.15009,0,0.06187,0,0.0,1,0.09593,0,0.17198,0,0.69831,0,0.35314,0,0.08505,0,0.13598,0.36468,10069,662.7354,15.19309,0.06721,0.04008,0.0,0.0146
48407200200,407,0.03645,1,0.95794,0,0.22815,0,0.10637,0,0.08033,0,0.0,1,0.09656,0,0.16838,0,0.70222,0,0.18739,0,0.16051,0,0.21901,0.18294,5001,269.49962,18.55661,0.06899,0.05207,0.0,0.00995
48407200300,407,0.00932,1,0.97678,0,0.15835,0,0.17825,0,0.05579,1,0.00189,1,0.08632,0,0.01789,1,0.85179,0,0.20592,0,0.0,1,0.05174,0.25899,4978,433.9202,11.47216,0.1075,0.07181,0.0,0.0
