geoid,countyfp,prc_nonengprof_final,prc_nonengprof_final_unreliable_flag,prc_caraccess_final,prc_caraccess_final_unreliable_flag,prcdisabled_final,prcdisabled_final_unreliable_flag,prc_pov_final,prc_pov_final_unreliable_flag,prc_youth_final,prc_youth_final_unreliable_flag,prc_asian,prc_asian_unreliable_flag,prc_black,prc_black_unreliable_flag,prc_latino,prc_latino_unreliable_flag,prc_white,prc_white_unreliable_flag,cvapdens,cvapdens_unreliable_flag,tot_elignonreg_prc_final,tot_elignonreg_prc_final_unreliable_flag,job_dens,pollvoter_dens,pop10,areakm,popdens,vbm_rate_tot,vbm_rate_lat,vbm_rate_asn,vbm_rate_youth
48053960100,53,0.0231,1,0.97549,0,0.12618,0,0.08157,0,0.12735,0,0.00335,1,0.00295,1,0.23349,0,0.74222,0,0.15633,0,0.16626,0,0.04749,0.14141,5731,796.8366,7.19219,0.06645,0.03915,0.0,0.02517
48053960200,53,0.02521,1,0.99351,0,0.08149,1,0.0678,1,0.06658,0,0.0,1,0.0,1,0.08415,0,0.9145,0,0.06655,0,0.0,1,0.02325,0.14207,2714,778.99227,3.48399,0.08912,0.05669,0.0,0.03118
48053960300,53,0.02111,1,0.95994,0,0.26369,0,0.12877,0,0.08959,0,0.00509,1,0.02067,1,0.24959,0,0.69483,0,0.1455,0,0.4696,0,0.20392,0.07869,6627,57.98056,114.29693,0.10801,0.05394,0.0,0.02282
48053960400,53,0.01195,1,1.0,0,0.1984,0,0.11091,0,0.06093,0,0.02609,1,0.02335,1,0.10708,0,0.83364,0,0.12612,0,0.0,1,0.04201,0.16311,5302,387.98433,13.6655,0.09203,0.06837,0.0,0.0371
48053960500,53,0.12155,0,0.96834,0,0.15094,0,0.15174,0,0.10768,0,0.0,1,0.0,1,0.3407,0,0.64212,0,0.12512,0,0.55704,0,0.03803,0.05504,6104,34.03089,179.36645,0.0992,0.00467,0.0,0.02
48053960600,53,0.0386,1,0.99739,0,0.07688,0,0.09755,1,0.04676,0,0.0,1,0.0,1,0.15184,0,0.84816,0,0.08522,0,0.0,1,0.03554,0.10754,3690,150.67614,24.48961,0.10166,0.03973,0.0,0.03273
48053960700,53,0.06072,0,0.88679,0,0.13925,0,0.08415,0,0.07734,0,0.01487,1,0.05443,1,0.34061,0,0.58751,0,0.14878,0,0.5905,0,0.46164,0.06291,6791,66.46889,102.1681,0.11442,0.05708,0.0,0.02838
48053960800,53,0.03954,1,0.98519,0,0.13998,0,0.07868,0,0.06817,0,0.01398,1,0.02011,1,0.13462,0,0.79846,0,0.14636,0,0.0,1,0.14812,0.24924,5791,372.08754,15.56354,0.11836,0.07499,0.0,0.04342
