geoid,countyfp,prc_nonengprof_final,prc_nonengprof_final_unreliable_flag,prc_caraccess_final,prc_caraccess_final_unreliable_flag,prcdisabled_final,prcdisabled_final_unreliable_flag,prc_pov_final,prc_pov_final_unreliable_flag,prc_youth_final,prc_youth_final_unreliable_flag,prc_asian,prc_asian_unreliable_flag,prc_black,prc_black_unreliable_flag,prc_latino,prc_latino_unreliable_flag,prc_white,prc_white_unreliable_flag,cvapdens,cvapdens_unreliable_flag,tot_elignonreg_prc_final,tot_elignonreg_prc_final_unreliable_flag,job_dens,pollvoter_dens,pop10,areakm,popdens,vbm_rate_tot,vbm_rate_lat,vbm_rate_asn,vbm_rate_youth
48259970100,259,0.12137,0,0.99582,0,0.12492,0,0.09969,0,0.1346,0,0.01484,1,0.00052,1,0.35501,0,0.59504,0,0.17402,0,0.0,1,0.08912,0.18085,6392,1057.52161,6.04432,0.09478,0.06852,0.0,0.04715
48259970301,259,0.03572,0,0.97781,0,0.09648,0,0.02619,1,0.07231,0,0.0,1,0.00863,1,0.21217,0,0.72489,0,0.15337,0,0.44156,0,0.11071,0.08011,4797,98.34658,48.77648,0.09686,0.05808,0.36286,0.06946
48259970302,259,0.02525,0,0.96453,0,0.10743,0,0.07574,0,0.03763,0,0.02484,1,0.00241,1,0.16305,0,0.8068,0,0.1075,0,0.0,1,0.08425,0.18706,4228,235.289,17.96939,0.11758,0.0656,0.06063,0.07184
48259970401,259,0.02142,0,0.93261,0,0.07772,0,0.04908,0,0.06753,0,0.00955,1,0.00841,1,0.16166,0,0.79354,0,0.18931,0,0.0,1,0.18734,0.18868,6101,88.15856,69.20485,0.07713,0.05037,0.00789,0.07176
48259970402,259,0.00758,1,0.98452,0,0.05254,0,0.02021,1,0.05181,0,0.01046,1,0.00314,1,0.17855,0,0.80309,0,0.20602,0,0.0,1,0.09208,0.30092,6332,230.67685,27.44966,0.07725,0.05983,0.06717,0.06876
48259970500,259,0.0634,1,0.98173,0,0.13449,0,0.07393,0,0.1004,0,0.0,1,0.00529,1,0.34043,0,0.63789,0,0.16977,0,0.57407,0,0.43649,0.06238,5560,7.25189,766.69644,0.11146,0.04993,0.39571,0.0503
