,geoid,countyfp,prc_nonengprof_final,prc_nonengprof_final_unreliable_flag,prc_caraccess_final,prc_caraccess_final_unreliable_flag,prcdisabled_final,prcdisabled_final_unreliable_flag,prc_pov_final,prc_pov_final_unreliable_flag,prc_youth_final,prc_youth_final_unreliable_flag,prc_asian,prc_asian_unreliable_flag,prc_black,prc_black_unreliable_flag,prc_latino,prc_latino_unreliable_flag,prc_white,prc_white_unreliable_flag,cvapdens,cvapdens_unreliable_flag,tot_elignonreg_prc_final,tot_elignonreg_prc_final_unreliable_flag,job_dens,pollvoter_dens,pop10,areakm,popdens,vbm_rate_tot,vbm_rate_lat,vbm_rate_asn,vbm_rate_youth
0,48083950300,83,0.049319999999999996,0,0.92465,0,0.11316,0,0.13788,0,0.053279999999999994,0,0.0,1,0.01629,1,0.23800000000000002,0,0.69639,0,0.51757,0,,1,0.8072199999999999,0.025580000000000002,4871,59.14875,,0.10368,0.10505999999999999,0.0,0.0
1,48083950600,83,0.03539,1,0.9943700000000001,0,0.04458,1,0.12891,1,0.0265,1,0.0,1,0.0,1,0.11769,0,0.86516,0,0.16613,0,,1,0.05223,0.47028000000000003,1399,1373.2548800000002,,0.09863999999999999,0.09119,0.0,0.0
2,48083950700,83,0.01377,1,0.98256,0,0.17105,0,0.14212,0,0.05022,0,0.01674,1,0.02391,1,0.09087,0,0.8489399999999999,0,0.31629,0,,1,0.14055,0.5041399999999999,2625,1886.49321,,0.10307000000000001,0.07997,0.0,0.01108
