geoid,countyfp,prc_nonengprof_final,prc_nonengprof_final_unreliable_flag,prc_caraccess_final,prc_caraccess_final_unreliable_flag,prcdisabled_final,prcdisabled_final_unreliable_flag,prc_pov_final,prc_pov_final_unreliable_flag,prc_youth_final,prc_youth_final_unreliable_flag,prc_asian,prc_asian_unreliable_flag,prc_black,prc_black_unreliable_flag,prc_latino,prc_latino_unreliable_flag,prc_white,prc_white_unreliable_flag,cvapdens,cvapdens_unreliable_flag,tot_elignonreg_prc_final,tot_elignonreg_prc_final_unreliable_flag,job_dens,pollvoter_dens,pop10,areakm,popdens,vbm_rate_tot,vbm_rate_lat,vbm_rate_asn,vbm_rate_youth
48273020100,273,0.11157,0,0.96105,0,0.10201,0,0.14865,0,0.10581,0,0.00347,1,0.00548,1,0.61385,0,0.37573,0,0.17869,0,0.0,1,0.10197,0.44109,5602,2573.15732,2.17709,0.10387,0.11581,0.01891,0.01604
48273020200,273,0.15129,0,0.83083,0,0.15467,0,0.42756,0,0.14576,0,0.00179,1,0.01518,1,0.9654,0,0.01763,1,0.14809,0,0.26203,0,0.19493,0.1072,5968,13.03706,457.77184,0.16111,0.16911,0.05558,0.0203
48273020300,273,0.04963,0,0.85221,0,0.09716,0,0.36599,0,0.405,0,0.03041,1,0.04463,0,0.79868,0,0.12442,0,0.25352,0,0.83959,0,0.33585,0.04982,7271,6.15942,1180.46862,0.10899,0.12643,0.0,0.00842
48273020400,273,0.06025,0,0.91803,0,0.11644,0,0.1981,0,0.11982,0,0.01884,1,0.01748,1,0.6816,0,0.22115,0,0.18696,0,0.37525,0,0.1183,0.15738,6547,14.60692,448.21211,0.10446,0.11132,0.09137,0.02992
48273020500,273,0.07974,0,0.9376,0,0.06696,0,0.24821,0,0.16642,0,0.04326,0,0.0491,0,0.63809,0,0.24844,0,0.23275,0,0.27393,0,0.24895,0.23992,6673,17.67934,377.44629,0.11228,0.12088,0.12152,0.00992
48273990000,273,,1,,1,,1,,1,,1,,1,,1,,1,,1,0.0,1,0.0,1,,0.0046,0,198.97436,0.0,0.15859,0.15464,0.0,0.0
