geoid,countyfp,prc_nonengprof_final,prc_nonengprof_final_unreliable_flag,prc_caraccess_final,prc_caraccess_final_unreliable_flag,prcdisabled_final,prcdisabled_final_unreliable_flag,prc_pov_final,prc_pov_final_unreliable_flag,prc_youth_final,prc_youth_final_unreliable_flag,prc_asian,prc_asian_unreliable_flag,prc_black,prc_black_unreliable_flag,prc_latino,prc_latino_unreliable_flag,prc_white,prc_white_unreliable_flag,cvapdens,cvapdens_unreliable_flag,tot_elignonreg_prc_final,tot_elignonreg_prc_final_unreliable_flag,job_dens,pollvoter_dens,pop10,areakm,popdens,vbm_rate_tot,vbm_rate_lat,vbm_rate_asn,vbm_rate_youth
48093950100,93,0.06107,0,0.95439,0,0.14696,0,0.15787,0,0.07383,0,0.00173,1,0.01062,1,0.20025,0,0.76568,0,0.31742,0,0.00044,0,0.23918,0.33241,4424,644.25154,6.86688,0.10441,0.03502,0.0,0.01856
48093950200,93,0.02356,0,0.99048,0,0.11834,0,0.06369,0,0.0492,0,0.01207,0,0.0,1,0.10836,0,0.84848,0,0.258,0,0.0,1,0.25161,0.49593,3387,1075.83447,3.14825,0.08067,0.06202,0.0,0.01744
48093950300,93,0.11388,0,0.91906,0,0.15146,0,0.07913,0,0.0652,0,0.00325,1,0.00858,1,0.45615,0,0.53202,0,0.30066,0,0.93173,0,0.4312,0.02184,4147,16.12878,257.11803,0.07965,0.05148,0.0,0.00559
48093950400,93,0.11734,0,0.96345,0,0.05438,0,0.17631,0,0.1056,0,0.01131,1,0.00054,1,0.34537,0,0.64224,0,0.12392,0,0.0,1,0.07801,0.14982,2016,718.27408,2.80673,0.09012,0.02628,0.0,0.02725
