geoid,countyfp,prc_nonengprof_final,prc_nonengprof_final_unreliable_flag,prc_caraccess_final,prc_caraccess_final_unreliable_flag,prcdisabled_final,prcdisabled_final_unreliable_flag,prc_pov_final,prc_pov_final_unreliable_flag,prc_youth_final,prc_youth_final_unreliable_flag,prc_asian,prc_asian_unreliable_flag,prc_black,prc_black_unreliable_flag,prc_latino,prc_latino_unreliable_flag,prc_white,prc_white_unreliable_flag,cvapdens,cvapdens_unreliable_flag,tot_elignonreg_prc_final,tot_elignonreg_prc_final_unreliable_flag,job_dens,pollvoter_dens,pop10,areakm,popdens,vbm_rate_tot,vbm_rate_lat,vbm_rate_asn,vbm_rate_youth
48007950100,7,0.03487,1,0.98092,0,0.14789,0,0.12967,0,0.05982,0,0.0465,1,0.003,1,0.13988,0,0.80143,0,0.24594,0,0.0,1,0.22289,0.49831,5495,941.9247,5.8338,0.11595,0.07414,0.00063,0.02258
48007950200,7,0.00491,1,0.96865,0,0.05773,1,0.02949,1,0.06636,1,0.0,1,0.0,1,0.14839,0,0.84332,0,0.0519,0,0.78919,0,0.07562,0.01273,1163,20.28119,57.34378,0.13762,0.10657,0.0,0.03401
48007950300,7,0.12528,0,0.96788,0,0.12289,0,0.24904,0,0.11253,0,0.0,1,0.00487,1,0.40629,0,0.56883,0,0.29944,0,0.94365,0,0.49652,0.01695,6609,16.82971,392.69837,0.10775,0.07723,0.04839,0.02114
48007950400,7,0.1355,0,0.87402,0,0.13336,0,0.28667,0,0.07173,0,0.0527,1,0.06167,0,0.39952,0,0.47955,0,0.15677,0,0.95423,0,0.08159,0.00718,3583,6.03974,593.23715,0.09877,0.07119,0.05422,0.02125
48007950500,7,0.00267,1,0.95726,0,0.2335,0,0.22128,0,0.07168,0,0.0,1,0.00034,1,0.15324,0,0.81423,0,0.24594,0,0.0,1,0.12338,0.37313,6308,221.80507,28.43939,0.08798,0.07409,0.05198,0.02865
48007990000,7,,1,,1,,1,,1,,1,,1,,1,,1,,1,0.0,1,0.0,1,,0.09171,0,160.51592,0.0,0.14203,0.11462,0.0,0.03636
