geoid,countyfp,prc_nonengprof_final,prc_nonengprof_final_unreliable_flag,prc_caraccess_final,prc_caraccess_final_unreliable_flag,prcdisabled_final,prcdisabled_final_unreliable_flag,prc_pov_final,prc_pov_final_unreliable_flag,prc_youth_final,prc_youth_final_unreliable_flag,prc_asian,prc_asian_unreliable_flag,prc_black,prc_black_unreliable_flag,prc_latino,prc_latino_unreliable_flag,prc_white,prc_white_unreliable_flag,cvapdens,cvapdens_unreliable_flag,tot_elignonreg_prc_final,tot_elignonreg_prc_final_unreliable_flag,job_dens,pollvoter_dens,pop10,areakm,popdens,vbm_rate_tot,vbm_rate_lat,vbm_rate_asn,vbm_rate_youth
48389950100,389,0.39514,0,0.98703,0,0.17632,0,0.27663,0,0.08522,0,0.00768,1,0.01304,1,0.77299,0,0.19581,0,0.1768,0,0.0,1,0.23503,0.30867,4319,4763.55598,0.90668,0.1079,0.1139,0.0,0.01123
48389950200,389,0.21262,0,0.85519,0,0.11568,0,0.19551,0,0.1002,1,0.02245,1,0.0052,1,0.83702,0,0.13533,1,0.24021,0,0.61851,0,0.23685,0.11656,2392,3.72133,642.78084,0.10772,0.12864,0.0,0.02752
48389950300,389,0.09795,0,1.0,0,0.04906,1,0.07692,1,0.08415,1,0.0,1,0.00516,1,0.83067,0,0.15953,1,0.14072,0,0.32747,0,0.14723,0.13964,2002,2.69176,743.75219,0.08738,0.10628,0.0,0.04437
48389950400,389,0.08938,0,0.98335,0,0.06276,1,0.09886,1,0.0931,0,0.02106,1,0.02601,1,0.62944,0,0.32267,0,0.34072,0,0.33677,0,0.34339,0.34574,4095,7.1743,570.78764,0.07972,0.08151,0.0,0.02988
48389950500,389,0.09385,0,0.98824,0,0.04313,1,0.09538,0,0.20045,0,0.0,1,0.0,1,0.76006,0,0.23994,0,0.10155,0,0.40033,0,0.03749,0.08939,975,2065.76216,0.47198,0.11078,0.13772,0.0,0.06667
