geoid,countyfp,prc_nonengprof_final,prc_nonengprof_final_unreliable_flag,prc_caraccess_final,prc_caraccess_final_unreliable_flag,prcdisabled_final,prcdisabled_final_unreliable_flag,prc_pov_final,prc_pov_final_unreliable_flag,prc_youth_final,prc_youth_final_unreliable_flag,prc_asian,prc_asian_unreliable_flag,prc_black,prc_black_unreliable_flag,prc_latino,prc_latino_unreliable_flag,prc_white,prc_white_unreliable_flag,cvapdens,cvapdens_unreliable_flag,tot_elignonreg_prc_final,tot_elignonreg_prc_final_unreliable_flag,job_dens,pollvoter_dens,pop10,areakm,popdens,vbm_rate_tot,vbm_rate_lat,vbm_rate_asn,vbm_rate_youth
48297950100,297,0.14498,0,0.97024,0,0.10374,0,0.16389,0,0.10362,0,0.0284,1,0.05051,0,0.5077,0,0.4134,0,0.34541,0,0.0,1,0.45357,0.42999,4615,1216.27486,3.79437,0.06397,0.08935,0.0,0.02733
48297950200,297,0.13189,0,0.86906,0,0.19679,0,0.20633,0,0.08861,0,0.01019,1,0.0031,1,0.62118,0,0.36553,0,0.17024,0,0.97135,0,0.3392,0.0053,2169,7.83512,276.83062,0.08159,0.12055,0.0,0.01521
48297950300,297,0.06621,1,0.98997,0,0.22043,0,0.1061,1,0.04237,1,0.00346,1,0.01211,1,0.30955,0,0.67488,0,0.21527,0,0.0,1,0.17302,0.43494,2513,1348.94245,1.86294,0.06323,0.08006,0.0,0.0127
48297950400,297,0.01731,1,0.98523,0,0.20253,0,0.20536,0,0.08931,0,0.00372,1,0.00034,1,0.13329,0,0.84946,0,0.26908,0,0.63111,0,0.03421,0.12976,2234,221.22845,10.09816,0.08313,0.10297,0.0,0.0
