geoid,countyfp,prc_nonengprof_final,prc_nonengprof_final_unreliable_flag,prc_caraccess_final,prc_caraccess_final_unreliable_flag,prcdisabled_final,prcdisabled_final_unreliable_flag,prc_pov_final,prc_pov_final_unreliable_flag,prc_youth_final,prc_youth_final_unreliable_flag,prc_asian,prc_asian_unreliable_flag,prc_black,prc_black_unreliable_flag,prc_latino,prc_latino_unreliable_flag,prc_white,prc_white_unreliable_flag,cvapdens,cvapdens_unreliable_flag,tot_elignonreg_prc_final,tot_elignonreg_prc_final_unreliable_flag,job_dens,pollvoter_dens,pop10,areakm,popdens,vbm_rate_tot,vbm_rate_lat,vbm_rate_asn,vbm_rate_youth
48371950100,371,0.10252,0,0.98509,0,0.03925,1,0.08696,0,0.1148,0,0.01856,1,0.00195,1,0.44797,0,0.50904,0,0.13365,0,0.0,1,0.06723,0.22141,2383,3509.31869,0.67905,0.04182,0.04591,0.0,0.01982
48371950300,371,0.23607,0,0.95458,0,0.1935,0,0.27575,0,0.09046,0,0.0,1,0.0,1,0.90281,0,0.07916,0,0.17976,0,0.99577,0,0.36634,0.00088,3246,5.89404,550.7258,0.10347,0.12263,0.0,0.01208
48371950400,371,0.10442,0,0.94886,0,0.06094,0,0.10997,0,0.11695,0,0.00814,1,0.01372,1,0.68217,0,0.27924,0,0.27482,0,0.99732,0,0.32649,0.00102,4262,7.82844,544.42492,0.09352,0.10167,0.0,0.03906
48371950500,371,0.14227,0,0.93798,0,0.06597,0,0.12828,0,0.05634,0,0.00371,1,0.07748,0,0.6573,0,0.23906,0,0.41176,0,0.0,1,0.23994,0.7767,5616,8817.76745,0.6369,0.09733,0.11066,0.0,0.03824
