geoid,countyfp,prc_nonengprof_final,prc_nonengprof_final_unreliable_flag,prc_caraccess_final,prc_caraccess_final_unreliable_flag,prcdisabled_final,prcdisabled_final_unreliable_flag,prc_pov_final,prc_pov_final_unreliable_flag,prc_youth_final,prc_youth_final_unreliable_flag,prc_asian,prc_asian_unreliable_flag,prc_black,prc_black_unreliable_flag,prc_latino,prc_latino_unreliable_flag,prc_white,prc_white_unreliable_flag,cvapdens,cvapdens_unreliable_flag,tot_elignonreg_prc_final,tot_elignonreg_prc_final_unreliable_flag,job_dens,pollvoter_dens,pop10,areakm,popdens,vbm_rate_tot,vbm_rate_lat,vbm_rate_asn,vbm_rate_youth
48025950100,25,0.0099,1,0.92974,0,0.09636,0,0.07192,0,0.10335,0,0.0,1,0.0099,1,0.44475,0,0.53766,0,0.05458,0,0.0,1,0.05317,0.10619,2002,601.94181,3.3259,0.06632,0.06491,0.0,0.01941
48025950201,25,0.08395,0,0.93043,0,0.16308,1,0.16123,1,0.09184,0,0.00119,1,0.23191,0,0.43578,0,0.25781,0,0.30916,0,0.0,1,0.03489,0.18156,7928,388.16832,20.42413,0.0863,0.08753,0.0,0.00945
48025950202,25,0.05604,1,0.94574,0,0.12741,0,0.16103,0,0.06201,0,0.00455,1,0.00385,1,0.55439,0,0.4372,0,0.15896,0,0.0,1,0.0889,0.34112,5059,850.81195,5.94608,0.11069,0.12206,0.0,0.01694
48025950300,25,0.07731,0,0.91141,0,0.1711,0,0.24946,0,0.14633,0,0.01783,0,0.01801,1,0.62657,0,0.32832,0,0.16215,0,0.58869,0,0.25339,0.11297,5093,10.61934,479.5967,0.11507,0.10114,0.0,0.01476
48025950400,25,0.04691,0,0.87739,0,0.11677,0,0.25994,0,0.08497,0,0.00959,1,0.00183,1,0.69986,0,0.27227,0,0.05876,0,0.42971,0,0.33841,0.04605,2006,4.72286,424.74272,0.21253,0.23516,0.0,0.02449
48025950500,25,0.05834,0,0.90681,0,0.15387,0,0.26927,0,0.17265,0,0.00161,1,0.01979,1,0.74835,0,0.21963,0,0.17849,0,0.54017,0,0.21213,0.10367,7343,9.63297,762.27754,0.18246,0.2075,0.0,0.03084
48025950600,25,0.05864,0,0.9939,0,0.20556,0,0.12392,0,0.11369,0,0.0,1,0.00236,1,0.7022,0,0.29544,0,0.07789,0,0.18965,0,0.01911,0.10844,2430,414.15877,5.86732,0.09421,0.12237,0.0,0.05266
