geoid,countyfp,prc_nonengprof_final,prc_nonengprof_final_unreliable_flag,prc_caraccess_final,prc_caraccess_final_unreliable_flag,prcdisabled_final,prcdisabled_final_unreliable_flag,prc_pov_final,prc_pov_final_unreliable_flag,prc_youth_final,prc_youth_final_unreliable_flag,prc_asian,prc_asian_unreliable_flag,prc_black,prc_black_unreliable_flag,prc_latino,prc_latino_unreliable_flag,prc_white,prc_white_unreliable_flag,cvapdens,cvapdens_unreliable_flag,tot_elignonreg_prc_final,tot_elignonreg_prc_final_unreliable_flag,job_dens,pollvoter_dens,pop10,areakm,popdens,vbm_rate_tot,vbm_rate_lat,vbm_rate_asn,vbm_rate_youth
48353950100,353,0.0,1,0.93697,0,0.16448,0,0.15275,0,0.0477,0,0.0,1,0.00603,1,0.05099,1,0.9386,0,0.13671,0,,1,0.16268,0.56332,1975,508.87355,3.88112,0.08264,0.06133,0.0,0.01419
48353950200,353,0.03267,0,0.96764,0,0.15286,0,0.07592,0,0.11308,0,0.0,1,0.0449,1,0.32178,0,0.62052,0,0.28713,0,,1,0.11675,0.00754,4270,3.30485,1292.0424,0.08306,0.0631,0.0,0.01551
48353950300,353,0.07435,0,0.851,0,0.20981,0,0.33248,0,0.1024,0,0.0,1,0.04695,1,0.58042,0,0.35315,0,0.12299,0,,1,0.2306,0.0155,2259,7.82203,288.79983,0.09356,0.12162,0.0,0.0134
48353950400,353,0.09123,1,0.89485,0,0.20939,0,0.20613,0,0.12792,0,0.01056,1,0.12816,0,0.50528,0,0.34888,0,0.2649,0,,1,0.3412,0.03325,3976,11.15691,356.37106,0.09539,0.08115,0.0,0.02008
48353950500,353,0.0891,0,0.98413,0,0.14535,0,0.11119,0,0.08644,0,0.0,1,0.00332,1,0.33986,0,0.65349,0,0.18827,0,,1,0.14877,0.38038,2736,1835.95701,1.49023,0.07563,0.09847,0.0,0.03265
