geoid,countyfp,prc_nonengprof_final,prc_nonengprof_final_unreliable_flag,prc_caraccess_final,prc_caraccess_final_unreliable_flag,prcdisabled_final,prcdisabled_final_unreliable_flag,prc_pov_final,prc_pov_final_unreliable_flag,prc_youth_final,prc_youth_final_unreliable_flag,prc_asian,prc_asian_unreliable_flag,prc_black,prc_black_unreliable_flag,prc_latino,prc_latino_unreliable_flag,prc_white,prc_white_unreliable_flag,cvapdens,cvapdens_unreliable_flag,tot_elignonreg_prc_final,tot_elignonreg_prc_final_unreliable_flag,job_dens,pollvoter_dens,pop10,areakm,popdens,vbm_rate_tot,vbm_rate_lat,vbm_rate_asn,vbm_rate_youth
48123970100,123,0.08032,0,0.97311,0,0.09148,0,0.14902,0,0.10892,0,0.0,1,0.05457,0,0.3921,0,0.53694,0,0.18398,0,,1,0.11819,0.5131,4006,461.84048,8.67399,0.09637,0.07768,0.0,0.01945
48123970200,123,0.0892,0,0.88904,0,0.18424,0,0.26848,0,0.07385,0,0.00018,1,0.18364,0,0.44745,0,0.36602,0,0.29014,0,,1,0.17729,0.0517,5486,431.67525,12.70863,0.08755,0.05543,,0.06001
48123970300,123,0.02873,1,0.96807,0,0.17476,0,0.08643,0,0.05322,0,0.0,1,0.10549,0,0.30815,0,0.58636,0,0.21101,0,,1,0.45423,0.13059,4193,361.62405,11.59491,0.0944,0.08929,,0.02985
48123970400,123,0.01289,1,0.9365,0,0.13655,0,0.13914,0,0.03544,0,0.0,1,0.02509,1,0.24237,0,0.72685,0,0.19057,0,,1,0.16686,0.24339,3704,592.05204,6.25621,0.08603,0.09006,,0.00889
48123970500,123,0.02911,1,0.93933,0,0.14178,0,0.15185,0,0.0409,0,0.0,1,0.03826,1,0.32278,0,0.63632,0,0.1243,0,,1,0.08343,0.06123,2708,510.96356,5.29979,0.15391,0.14262,,0.06439
