geoid,countyfp,prc_nonengprof_final,prc_nonengprof_final_unreliable_flag,prc_caraccess_final,prc_caraccess_final_unreliable_flag,prcdisabled_final,prcdisabled_final_unreliable_flag,prc_pov_final,prc_pov_final_unreliable_flag,prc_youth_final,prc_youth_final_unreliable_flag,prc_asian,prc_asian_unreliable_flag,prc_black,prc_black_unreliable_flag,prc_latino,prc_latino_unreliable_flag,prc_white,prc_white_unreliable_flag,cvapdens,cvapdens_unreliable_flag,tot_elignonreg_prc_final,tot_elignonreg_prc_final_unreliable_flag,job_dens,pollvoter_dens,pop10,areakm,popdens,vbm_rate_tot,vbm_rate_lat,vbm_rate_asn,vbm_rate_youth
48171950100,171,0.11144,0,1.0,0,0.08355,0,0.11731,0,0.12132,0,0.0,1,0.00188,1,0.22073,0,0.75925,0,0.16428,0,0.0,1,0.07727,0.21292,3899,970.44211,4.01776,0.11199,0.06103,0.0,0.06848
48171950200,171,0.03524,0,0.97688,0,0.16721,0,0.06556,0,0.05551,0,0.00419,1,0.0,1,0.11366,0,0.83524,0,0.18574,0,0.0,1,0.0439,0.20366,3991,1034.71868,3.85709,0.1002,0.0856,0.0,0.05148
48171950300,171,0.07743,0,0.94677,0,0.04846,0,0.08795,0,0.05267,0,0.00029,1,0.00114,1,0.24259,0,0.74953,0,0.2629,0,0.08776,0,0.25447,0.23562,7104,440.53555,16.12583,0.12297,0.06196,0.0,0.06685
48171950400,171,0.14256,0,0.93428,0,0.10165,0,0.1265,0,0.07642,0,0.00167,1,0.0,1,0.31539,0,0.66217,0,0.23889,0,0.29223,0,0.20003,0.16411,6092,76.73807,79.38693,0.14179,0.06309,0.0,0.07596
48171950500,171,0.05302,0,0.93457,0,0.07795,0,0.06337,0,0.03983,0,0.0,1,0.00122,1,0.22092,0,0.76882,0,0.14819,0,0.0,1,0.42433,0.18369,3751,227.30504,16.50205,0.13717,0.049,0.0,0.06018
