geoid,countyfp,prc_nonengprof_final,prc_nonengprof_final_unreliable_flag,prc_caraccess_final,prc_caraccess_final_unreliable_flag,prcdisabled_final,prcdisabled_final_unreliable_flag,prc_pov_final,prc_pov_final_unreliable_flag,prc_youth_final,prc_youth_final_unreliable_flag,prc_asian,prc_asian_unreliable_flag,prc_black,prc_black_unreliable_flag,prc_latino,prc_latino_unreliable_flag,prc_white,prc_white_unreliable_flag,cvapdens,cvapdens_unreliable_flag,tot_elignonreg_prc_final,tot_elignonreg_prc_final_unreliable_flag,job_dens,pollvoter_dens,pop10,areakm,popdens,vbm_rate_tot,vbm_rate_lat,vbm_rate_asn,vbm_rate_youth
48171950100,171,0.11144,0,1,0,0.08355,0,0.11731,0,0.12132,0,,1,,1,0.22073,0,0.75925,0,0.16428,0,0,1,0.07727,0.21674,3899,970.44211,4.01776,0.11589,0.05744,0,0.06922
48171950200,171,0.03524,0,0.97688,0,0.16721,0,0.06556,0,0.05551,0,,1,,1,0.11366,0,0.83524,0,0.18574,0,0,1,0.0439,0.20594,3991,1034.71868,3.85709,0.10433,0.08736,0.055,0.05355
48171950300,171,0.07743,0,0.94677,0,0.04846,0,0.08795,0,0.05267,0,,1,,1,0.24259,0,0.74953,0,0.2629,0,0.08718,0,0.25447,0.23614,7104,440.53555,16.12583,0.12898,0.06398,0,0.06825
48171950400,171,0.14256,0,0.93428,0,0.10165,0,0.1265,0,0.07642,0,,1,,1,0.31539,0,0.66217,0,0.23889,0,0.28868,0,0.20003,0.15977,6092,76.73807,79.38693,0.15175,0.06476,0,0.07993
48171950500,171,0.05302,0,0.93457,0,0.07795,0,0.06337,0,0.03983,0,,1,,1,0.22092,0,0.76882,0,0.14819,0,0,1,0.42433,0.18141,3751,227.30504,16.50205,0.1455,0.05111,0,0.06149
