geoid,countyfp,prc_nonengprof_final,prc_nonengprof_final_unreliable_flag,prc_caraccess_final,prc_caraccess_final_unreliable_flag,prcdisabled_final,prcdisabled_final_unreliable_flag,prc_pov_final,prc_pov_final_unreliable_flag,prc_youth_final,prc_youth_final_unreliable_flag,prc_asian,prc_asian_unreliable_flag,prc_black,prc_black_unreliable_flag,prc_latino,prc_latino_unreliable_flag,prc_white,prc_white_unreliable_flag,cvapdens,cvapdens_unreliable_flag,tot_elignonreg_prc_final,tot_elignonreg_prc_final_unreliable_flag,job_dens,pollvoter_dens,pop10,areakm,popdens,vbm_rate_tot,vbm_rate_lat,vbm_rate_asn,vbm_rate_youth
48489950300,489,0.2263,0,0.96736,0,0.16968,0,0.36283,0,0.14825,0,0.0,1,0.0,1,0.92659,0,0.07341,0,0.29547,0,0.88426,0,0.19877,0.07519,5320,66.90962,79.51024,0.0569,0.04985,,0.0
48489950400,489,0.22617,0,0.92192,0,0.18765,0,0.18266,0,0.1676,0,0.0,1,0.01708,0,0.85751,0,0.12541,0,0.34111,0,0.0,1,0.43438,0.05906,8299,96.23425,86.23749,0.05972,0.03207,,0.00075
48489950500,489,0.18732,0,0.97718,0,0.10105,0,0.23976,0,0.07353,0,0.0,1,0.0,1,0.87403,0,0.12597,0,0.15717,0,0.20277,0,0.25019,0.28127,3406,200.5798,16.98077,0.05159,0.04954,,0.01684
48489950600,489,0.19253,0,0.9339,0,0.10862,0,0.24121,0,0.11969,0,0.0,1,0.0,1,0.8931,0,0.1069,1,0.09403,0,0.35675,0,0.05295,0.1355,2550,143.69064,17.74646,0.04612,0.04223,0.0,0.02083
48489950700,489,0.21816,0,0.93721,0,0.14065,0,0.27409,0,0.1773,0,0.0,1,0.0,1,0.82094,0,0.17774,0,0.11222,0,0.0,1,0.0637,0.43685,2559,1402.41569,1.82471,0.04513,0.03703,0.0,0.01242
48489990000,489,,1,,1,,1,,1,,1,,1,,1,,1,,1,0.0,1,0.0,1,,0.01213,0,121.41496,0.0,0.07311,0.03733,0.0,0.0
