geoid,countyfp,prc_nonengprof_final,prc_nonengprof_final_unreliable_flag,prc_caraccess_final,prc_caraccess_final_unreliable_flag,prcdisabled_final,prcdisabled_final_unreliable_flag,prc_pov_final,prc_pov_final_unreliable_flag,prc_youth_final,prc_youth_final_unreliable_flag,prc_asian,prc_asian_unreliable_flag,prc_black,prc_black_unreliable_flag,prc_latino,prc_latino_unreliable_flag,prc_white,prc_white_unreliable_flag,cvapdens,cvapdens_unreliable_flag,tot_elignonreg_prc_final,tot_elignonreg_prc_final_unreliable_flag,job_dens,pollvoter_dens,pop10,areakm,popdens,vbm_rate_tot,vbm_rate_lat,vbm_rate_asn,vbm_rate_youth
48395960100,395,0.01981,1,0.85678,0,0.17954,0,0.19778,0,0.11224,0,0.00733,1,0.23858,0,0.04794,1,0.68754,0,0.12239,0,0.22221,0,0.16007,0.10332,2025,374.2682,5.41056,0.07937,0.08333,0.0,0.03571
48395960200,395,0.01614,1,0.85015,0,0.12883,0,0.22588,0,0.11838,0,0.0,1,0.44792,0,0.15993,0,0.35743,0,0.10929,0,0.0,1,0.0435,0.1208,1480,237.03093,6.24391,0.09041,0.10301,0.20609,0.03592
48395960300,395,0.00653,1,0.92958,0,0.12892,0,0.09957,0,0.07704,0,0.00336,1,0.10621,0,0.08417,0,0.7817,0,0.29758,0,0.12217,0,0.32069,0.30985,4520,865.3338,5.22342,0.05691,0.02221,0.10863,0.01618
48395960400,395,0.0506,1,0.97459,0,0.13987,0,0.07468,1,0.04293,0,0.0,1,0.03499,0,0.21523,0,0.7436,0,0.18338,0,0.0,1,0.10151,0.31065,2935,595.31776,4.93014,0.06834,0.0648,0.16169,0.04199
48395960500,395,0.09363,0,0.90834,0,0.11861,0,0.17186,0,0.08121,0,0.0,1,0.30255,0,0.38999,0,0.30557,0,0.28735,0,0.38436,0,0.37423,0.15538,5662,169.30471,33.44266,0.09845,0.08177,0.0,0.00959
