geoid,countyfp,prc_nonengprof_final,prc_nonengprof_final_unreliable_flag,prc_caraccess_final,prc_caraccess_final_unreliable_flag,prcdisabled_final,prcdisabled_final_unreliable_flag,prc_pov_final,prc_pov_final_unreliable_flag,prc_youth_final,prc_youth_final_unreliable_flag,prc_asian,prc_asian_unreliable_flag,prc_black,prc_black_unreliable_flag,prc_latino,prc_latino_unreliable_flag,prc_white,prc_white_unreliable_flag,cvapdens,cvapdens_unreliable_flag,tot_elignonreg_prc_final,tot_elignonreg_prc_final_unreliable_flag,job_dens,pollvoter_dens,pop10,areakm,popdens,vbm_rate_tot,vbm_rate_lat,vbm_rate_asn,vbm_rate_youth
48161000100,161,0.01764,1,0.98448,0,0.24773,0,0.18226,0,0.05122,0,0.01248,1,0.17151,0,0.04282,0,0.73919,0,0.24558,0,0.0,1,0.32489,0.39237,5357,731.12551,7.32706,0.07397,0.04356,0.0,0.02566
48161000200,161,0.03149,1,1.0,0,0.09154,1,0.08935,0,0.10568,0,0.0,1,0.00961,1,0.21537,0,0.77502,0,0.06235,0,0.95158,0,0.08992,0.00376,1231,8.00568,153.76586,0.0602,0.03279,0.0,0.0069
48161000300,161,0.07401,1,0.93177,0,0.14798,0,0.28904,0,0.05455,1,0.02182,1,0.36073,0,0.17455,0,0.38618,0,0.05888,0,0.91503,0,0.18728,0.00566,1212,6.67978,181.44304,0.08313,0.07025,0.0,0.05782
48161000400,161,0.02459,1,0.9357,0,0.12387,0,0.20294,0,0.11483,0,0.0,1,0.09335,0,0.17844,0,0.71334,0,0.11915,0,0.23912,0,0.06756,0.10882,2343,274.21892,8.54427,0.04149,0.05133,0.0,0.0126
48161000600,161,0.02793,0,0.95104,0,0.16836,0,0.12764,0,0.03303,0,0.0,1,0.11281,0,0.15472,0,0.7147,0,0.27953,0,0.0,1,0.17288,0.34481,4938,757.91304,6.51526,0.06282,0.05128,0.0,0.007
48161000700,161,0.19385,0,0.87585,0,0.14518,0,0.28159,0,0.09088,0,0.0,1,0.14925,0,0.32935,0,0.50149,0,0.12851,0,0.9102,0,0.07452,0.01344,3139,15.29209,205.26952,0.06299,0.03876,0.0,0.00901
48161000900,161,0.0,1,0.93037,0,0.14347,1,0.06912,0,0.07923,0,0.0,1,0.22295,0,0.06612,1,0.68689,0,0.10599,0,0.0,1,0.08296,0.13113,1596,517.01398,3.08696,0.07684,0.16492,0.0,0.01936
