geoid,countyfp,prc_nonengprof_final,prc_nonengprof_final_unreliable_flag,prc_caraccess_final,prc_caraccess_final_unreliable_flag,prcdisabled_final,prcdisabled_final_unreliable_flag,prc_pov_final,prc_pov_final_unreliable_flag,prc_youth_final,prc_youth_final_unreliable_flag,prc_asian,prc_asian_unreliable_flag,prc_black,prc_black_unreliable_flag,prc_latino,prc_latino_unreliable_flag,prc_white,prc_white_unreliable_flag,cvapdens,cvapdens_unreliable_flag,tot_elignonreg_prc_final,tot_elignonreg_prc_final_unreliable_flag,job_dens,pollvoter_dens,pop10,areakm,popdens,vbm_rate_tot,vbm_rate_lat,vbm_rate_asn,vbm_rate_youth
48249950100,249,0.0649,0,0.93021,0,0.13367,0,0.21796,0,0.06729,0,0.0,1,0.00291,1,0.65088,0,0.34531,0,0.20156,0,0.03835,0,0.04631,0.25037,8093,837.56915,9.66249,0.00093,0.0008,0.0,0.00473
48249950200,249,0.08171,0,0.94677,0,0.17911,0,0.18537,0,0.09875,0,0.0,1,0.0,1,0.82553,0,0.17447,0,0.19589,0,0.0,1,0.1651,0.47615,7932,979.8351,8.09524,0.00088,0.0006,0.0,0.00174
48249950300,249,0.10965,0,0.98316,0,0.09863,0,0.25586,0,0.10653,0,0.0239,0,0.02201,1,0.78199,0,0.17211,0,0.17639,0,0.63901,0,0.23552,0.07481,7103,15.3396,463.04988,0.00143,0.00089,0.0,0.0
48249950400,249,0.09874,0,0.95965,0,0.091,0,0.19332,0,0.07534,0,0.00859,1,0.02005,1,0.80922,0,0.15411,0,0.08669,0,0.69774,0,0.21229,0.02495,3770,6.87439,548.41227,0.00226,0.00283,0.0,0.0
48249950500,249,0.08047,0,0.8926,0,0.14428,0,0.26972,0,0.11026,0,0.00141,1,0.0,1,0.88568,0,0.09121,0,0.1498,0,0.54846,0,0.27124,0.06152,6213,18.6737,332.71391,0.00109,0.00122,0.0,0.00476
48249950600,249,0.23983,0,0.781,0,0.10911,0,0.32021,0,0.08317,0,0.0,1,0.0,1,0.9479,0,0.03205,1,0.10193,0,0.80045,0,0.03558,0.0169,4080,2.69535,1513.71903,0.0,0.0,,0.0
48249950700,249,0.10727,0,0.98918,0,0.18313,0,0.18669,0,0.11818,0,0.00218,1,0.00249,1,0.85656,0,0.13876,0,0.08775,0,0.0744,0,0.03396,0.0953,3647,388.00362,9.3994,0.0,0.0,,0.0
