geoid,countyfp,prc_nonengprof_final,prc_nonengprof_final_unreliable_flag,prc_caraccess_final,prc_caraccess_final_unreliable_flag,prcdisabled_final,prcdisabled_final_unreliable_flag,prc_pov_final,prc_pov_final_unreliable_flag,prc_youth_final,prc_youth_final_unreliable_flag,prc_asian,prc_asian_unreliable_flag,prc_black,prc_black_unreliable_flag,prc_latino,prc_latino_unreliable_flag,prc_white,prc_white_unreliable_flag,cvapdens,cvapdens_unreliable_flag,tot_elignonreg_prc_final,tot_elignonreg_prc_final_unreliable_flag,job_dens,pollvoter_dens,pop10,areakm,popdens,vbm_rate_tot,vbm_rate_lat,vbm_rate_asn,vbm_rate_youth
48249950100,249,0.0649,0,0.93021,0,0.13367,0,0.21796,0,0.06729,0,0,1,0.00291,1,0.65088,0,0.34531,0,0.20156,0,0.03214,0,0.04631,0.24884,8093,837.56915,9.66249,,,0,0.00482
48249950200,249,0.08171,0,0.94677,0,0.17911,0,0.18537,0,0.09875,0,0,1,0,1,0.82553,0,0.17447,0,0.19589,0,0,1,0.1651,0.47729,7932,979.8351,8.09524,,,0,0.00174
48249950300,249,0.10965,0,0.98316,0,0.09863,0,0.25586,0,0.10653,0,0.0239,0,0.02201,1,0.78199,0,0.17211,0,0.17639,0,0.63792,0,0.23552,0.07408,7103,15.3396,463.04988,,,0,0
48249950400,249,0.09874,0,0.95965,0,0.091,0,0.19332,0,0.07534,0,0.00859,1,0.02005,1,0.80922,0,0.15411,0,0.08669,0,0.69741,0,0.21229,0.0248,3770,6.87439,548.41227,,,0,0
48249950500,249,0.08047,0,0.8926,0,0.14428,0,0.26972,0,0.11026,0,0.00141,1,0,1,0.88568,0,0.09121,0,0.1498,0,0.54712,0,0.27124,0.06187,6213,18.6737,332.71391,,,0,0.00479
48249950600,249,0.23983,0,0.781,0,0.10911,0,0.32021,0,0.08317,0,0,1,0,1,0.9479,0,0.03205,1,0.10193,0,0.79983,0,0.03558,0.01697,4080,2.69535,1513.71903,,,,0
48249950700,249,0.10727,0,0.98918,0,0.18313,0,0.18669,0,0.11818,0,0.00218,1,0.00249,1,0.85656,0,0.13876,0,0.08775,0,0.07319,0,0.03396,0.09615,3647,388.00362,9.3994,,,,0
