geoid,countyfp,prc_nonengprof_final,prc_nonengprof_final_unreliable_flag,prc_caraccess_final,prc_caraccess_final_unreliable_flag,prcdisabled_final,prcdisabled_final_unreliable_flag,prc_pov_final,prc_pov_final_unreliable_flag,prc_youth_final,prc_youth_final_unreliable_flag,prc_asian,prc_asian_unreliable_flag,prc_black,prc_black_unreliable_flag,prc_latino,prc_latino_unreliable_flag,prc_white,prc_white_unreliable_flag,cvapdens,cvapdens_unreliable_flag,tot_elignonreg_prc_final,tot_elignonreg_prc_final_unreliable_flag,job_dens,pollvoter_dens,pop10,areakm,popdens,vbm_rate_tot,vbm_rate_lat,vbm_rate_asn,vbm_rate_youth
48117950300,117,0.14084,0,0.99279,0,0.08088,0,0.09086,0,0.11719,0,0.01471,1,0.00848,1,0.731,0,0.23178,0,0.32828,0,0.99637,0,0.06517,0.00157,5854,5.72929,1021.76771,0.10412,0.0719,,0.04008
48117950400,117,0.11313,0,0.95895,0,0.08708,0,0.17493,0,0.08384,0,0.0,1,0.0094,1,0.76592,0,0.21214,0,0.27807,0,0.99745,0,0.04149,0.00092,5695,3.24941,1752.62561,0.10446,0.07507,,0.03747
48117950500,117,0.19555,0,0.86212,0,0.06535,1,0.23784,0,0.10541,0,0.00711,1,0.00432,1,0.85649,0,0.13005,0,0.17527,0,0.98633,0,0.32631,0.00253,3981,9.43683,421.85797,0.10288,0.10104,,0.01719
48117950600,117,0.18177,0,0.97039,0,0.1295,0,0.17694,0,0.08961,0,0.00128,1,0.00128,1,0.54659,0,0.43196,0,0.21838,0,0.0,1,0.56702,0.99498,3842,3862.36393,0.99473,0.10352,0.07708,0.08022,0.03261
