geoid,countyfp,prc_nonengprof_final,prc_nonengprof_final_unreliable_flag,prc_caraccess_final,prc_caraccess_final_unreliable_flag,prcdisabled_final,prcdisabled_final_unreliable_flag,prc_pov_final,prc_pov_final_unreliable_flag,prc_youth_final,prc_youth_final_unreliable_flag,prc_asian,prc_asian_unreliable_flag,prc_black,prc_black_unreliable_flag,prc_latino,prc_latino_unreliable_flag,prc_white,prc_white_unreliable_flag,cvapdens,cvapdens_unreliable_flag,tot_elignonreg_prc_final,tot_elignonreg_prc_final_unreliable_flag,job_dens,pollvoter_dens,pop10,areakm,popdens,vbm_rate_tot,vbm_rate_lat,vbm_rate_asn,vbm_rate_youth
48149970100,149,0.01761,1,0.98063,0,0.12443,0,0.10616,0,0.09029,0,0.0,1,0.05843,1,0.06325,0,0.87253,0,0.09407,0,0.0,1,0.05176,0.11035,1964,368.802,5.32535,0.11789,0.17873,0.0,0.04224
48149970200,149,0.022,1,1.0,0,0.09327,0,0.11047,0,0.08829,0,0.0,1,0.00488,1,0.1606,1,0.82919,0,0.09223,0,0.0,1,0.04228,0.2011,2326,337.97722,6.88212,0.09932,0.04769,0.0,0.01446
48149970300,149,0.02433,1,0.88389,0,0.11399,0,0.16932,0,0.06115,0,0.0158,0,0.0671,0,0.26907,0,0.64379,0,0.21265,0,0.75113,0,0.35255,0.05539,5812,39.49565,147.15545,0.11538,0.04724,0.0,0.01626
48149970400,149,0.05029,1,0.98138,0,0.09004,0,0.06831,0,0.0649,0,0.0,1,0.07249,0,0.2269,0,0.67888,0,0.15441,0,0.0,1,0.11325,0.18274,3504,412.88101,8.48671,0.08925,0.04294,0.0,0.01894
48149970500,149,0.04303,0,0.97004,0,0.18101,0,0.13668,0,0.06409,0,0.00107,1,0.03685,1,0.24646,0,0.71455,0,0.1531,0,0.0,1,0.12478,0.18984,3847,685.12265,5.61505,0.10656,0.05432,0.0,0.02371
48149970600,149,0.08278,0,0.94757,0,0.12996,0,0.11786,0,0.06508,0,0.00411,1,0.08042,0,0.23621,0,0.66916,0,0.20606,0,0.27978,0,0.26877,0.16101,5106,354.13208,14.41835,0.10225,0.02731,0.0,0.01322
48149970700,149,0.03474,0,0.98255,0,0.11256,1,0.05994,0,0.06696,0,0.0,1,0.13542,1,0.07242,0,0.79018,0,0.08748,0,0.03297,0,0.04663,0.09958,1995,287.48099,6.93959,0.09998,0.05272,0.0,0.03656
