geoid,countyfp,prc_nonengprof_final,prc_nonengprof_final_unreliable_flag,prc_caraccess_final,prc_caraccess_final_unreliable_flag,prcdisabled_final,prcdisabled_final_unreliable_flag,prc_pov_final,prc_pov_final_unreliable_flag,prc_youth_final,prc_youth_final_unreliable_flag,prc_asian,prc_asian_unreliable_flag,prc_black,prc_black_unreliable_flag,prc_latino,prc_latino_unreliable_flag,prc_white,prc_white_unreliable_flag,cvapdens,cvapdens_unreliable_flag,tot_elignonreg_prc_final,tot_elignonreg_prc_final_unreliable_flag,job_dens,pollvoter_dens,pop10,areakm,popdens,vbm_rate_tot,vbm_rate_lat,vbm_rate_asn,vbm_rate_youth
48233950200,233,0.02346,1,0.96351,0,0.20982,0,0.1889,0,0.08449,0,0.0084,1,0.00791,1,0.19417,0,0.7747,0,0.09756,0,,1,0.03509,0.24668,2809,1516.76768,1.85196,0.05162,0.03855,0.08366,0.04894
48233950500,233,0.0,1,0.9745,0,0.14142,0,0.11555,0,0.04941,0,0.0025,1,0.0223,1,0.11632,0,0.78427,0,0.26146,0,,1,0.07373,0.48343,4913,713.08552,6.88978,0.05616,0.01471,0.0,0.01561
48233950600,233,0.09348,0,0.94888,0,0.188,0,0.11205,0,0.10424,0,0.0,1,0.02278,1,0.34519,0,0.61486,0,0.15545,0,,1,0.08584,0.01546,3999,7.28393,549.01652,0.06937,0.02032,0.0,0.0
48233950700,233,0.05614,0,0.94334,0,0.21167,0,0.43413,0,0.11212,0,0.00095,1,0.01193,1,0.21374,0,0.65744,0,0.08455,0,,1,0.29845,0.00719,1821,2.61999,695.03993,0.06245,0.01714,0.0,0.0
48233950800,233,0.14085,0,0.84979,0,0.35484,1,0.15217,0,0.14928,0,0.0029,1,0.05507,1,0.52754,0,0.4058,0,0.03317,0,,1,0.15831,0.01171,858,5.17433,165.81859,0.06749,0.01942,0.0,0.0
48233950900,233,0.03213,1,0.97362,0,0.16527,0,0.11985,0,0.13582,0,0.00672,1,0.0097,1,0.30498,0,0.65672,0,0.18211,0,,1,0.15789,0.00871,4133,11.37189,363.44,0.06623,0.01673,0.0,0.0
48233951000,233,0.02577,1,0.94026,0,0.13455,0,0.06814,0,0.05719,0,0.00365,1,0.0,1,0.20005,0,0.75517,0,0.18569,0,,1,0.19069,0.22682,3617,61.61245,58.70567,0.06343,0.01762,0.0,0.02811
