geoid,countyfp,prc_nonengprof_final,prc_nonengprof_final_unreliable_flag,prc_caraccess_final,prc_caraccess_final_unreliable_flag,prcdisabled_final,prcdisabled_final_unreliable_flag,prc_pov_final,prc_pov_final_unreliable_flag,prc_youth_final,prc_youth_final_unreliable_flag,prc_asian,prc_asian_unreliable_flag,prc_black,prc_black_unreliable_flag,prc_latino,prc_latino_unreliable_flag,prc_white,prc_white_unreliable_flag,cvapdens,cvapdens_unreliable_flag,tot_elignonreg_prc_final,tot_elignonreg_prc_final_unreliable_flag,job_dens,pollvoter_dens,pop10,areakm,popdens,vbm_rate_tot,vbm_rate_lat,vbm_rate_asn,vbm_rate_youth
48341950100,341,0.15656,0,0.95641,0,0.08728,0,0.12432,0,0.07188,0,0.01266,1,0.0,1,0.49277,0,0.46926,0,0.11239,0,0.0,1,0.36543,0.15351,2092,641.70144,3.26008,0.04079,0.03682,0.11695,0.03657
48341950200,341,0.28481,0,0.94302,0,0.04604,0,0.08533,0,0.11339,0,0.07111,0,0.04864,0,0.61827,0,0.25813,0,0.28881,0,0.0,1,0.23307,0.82265,6671,1703.11418,3.91694,0.05356,0.03075,0.0334,0.02626
48341950300,341,0.22197,0,0.9521,0,0.06251,0,0.12011,0,0.10256,0,0.0709,0,0.03538,0,0.48436,0,0.39654,0,0.40626,0,0.9582,0,0.28056,0.02276,7739,7.63372,1013.7909,0.05655,0.0216,0.00117,0.07312
48341950400,341,0.2243,0,0.94543,0,0.13244,0,0.20762,0,0.09929,0,0.08674,1,0.01774,1,0.63725,0,0.23124,0,0.19254,0,0.99409,0,0.12094,0.00108,5402,3.45774,1562.29062,0.06189,0.04069,0.01673,0.00245
