geoid,countyfp,prc_nonengprof_final,prc_nonengprof_final_unreliable_flag,prc_caraccess_final,prc_caraccess_final_unreliable_flag,prcdisabled_final,prcdisabled_final_unreliable_flag,prc_pov_final,prc_pov_final_unreliable_flag,prc_youth_final,prc_youth_final_unreliable_flag,prc_asian,prc_asian_unreliable_flag,prc_black,prc_black_unreliable_flag,prc_latino,prc_latino_unreliable_flag,prc_white,prc_white_unreliable_flag,cvapdens,cvapdens_unreliable_flag,tot_elignonreg_prc_final,tot_elignonreg_prc_final_unreliable_flag,job_dens,pollvoter_dens,pop10,areakm,popdens,vbm_rate_tot,vbm_rate_lat,vbm_rate_asn,vbm_rate_youth
48145000200,145,0.07629,0,0.94608,0,0.16583,0,0.1089,0,0.10783,0,0.02456,1,0.09431,0,0.26263,0,0.61637,0,0.15856,0,0.11425,0,0.06667,0.19992,2937,352.70964,8.32696,0.07971,0.03194,0.0,0.0
48145000300,145,0.06254,1,0.89306,0,0.24329,0,0.51216,0,0.12739,0,0.00408,1,0.28899,0,0.44587,0,0.25698,0,0.16204,0,0.92696,0,0.36667,0.01288,3708,6.45132,574.76573,0.09827,0.05681,0.0,0.01169
48145000400,145,0.06049,0,0.65799,0,0.24149,0,0.30149,0,0.02637,1,0.0,1,0.70574,0,0.1064,0,0.18785,0,0.12809,0,0.0,1,0.16667,0.01796,2220,11.58412,191.6416,0.12232,0.10362,0.0,0.0
48145000500,145,0.01337,1,0.94444,0,0.14699,0,0.10696,0,0.07431,0,0.0,1,0.06186,1,0.09064,0,0.80026,0,0.12963,0,0.0294,0,0.12571,0.18348,2244,301.36267,7.44618,0.06287,0.03278,,0.00475
48145000700,145,0.02625,0,0.93956,0,0.20575,0,0.24843,0,0.05068,0,0.0,1,0.12089,0,0.26233,0,0.61541,0,0.16512,0,0.29477,0,0.15429,0.1719,2765,372.68729,7.41909,0.06035,0.03553,0.0,0.01158
48145000800,145,0.06138,0,0.94399,0,0.21559,0,0.2751,0,0.07815,0,0.0,1,0.2516,0,0.16346,0,0.57417,0,0.25656,0,0.0,1,0.12,0.41386,3992,959.44387,4.16074,0.09703,0.07401,0.0,0.00903
