geoid,countyfp,prc_nonengprof_final,prc_nonengprof_final_unreliable_flag,prc_caraccess_final,prc_caraccess_final_unreliable_flag,prcdisabled_final,prcdisabled_final_unreliable_flag,prc_pov_final,prc_pov_final_unreliable_flag,prc_youth_final,prc_youth_final_unreliable_flag,prc_asian,prc_asian_unreliable_flag,prc_black,prc_black_unreliable_flag,prc_latino,prc_latino_unreliable_flag,prc_white,prc_white_unreliable_flag,cvapdens,cvapdens_unreliable_flag,tot_elignonreg_prc_final,tot_elignonreg_prc_final_unreliable_flag,job_dens,pollvoter_dens,pop10,areakm,popdens,vbm_rate_tot,vbm_rate_lat,vbm_rate_asn,vbm_rate_youth
48051970100,51,0.02742,1,0.95575,0,0.0583,1,0.06828,1,0.07244,0,0.0,1,0.06411,0,0.12656,0,0.806,0,0.08044,0,0.0,1,0.06555,0.12463,1421,258.54243,5.4962,0.10156,0.03042,0.0,0.01923
48051970200,51,0.04974,0,1.0,0,0.10111,0,0.07128,0,0.06049,0,0.00155,1,0.10419,0,0.17682,0,0.70221,0,0.24887,0,0.0,1,0.09833,0.38406,4324,654.31484,6.60844,0.09397,0.05524,0.0,0.01326
48051970300,51,0.05331,1,0.93377,0,0.11387,0,0.13903,0,0.08555,0,0.0,1,0.18041,0,0.26618,0,0.54455,0,0.23716,0,0.78481,0,0.57776,0.05657,4279,26.94075,158.83001,0.09722,0.0939,0.0,0.02839
48051970400,51,0.07434,0,0.96898,0,0.09557,0,0.10309,0,0.09192,0,0.0,1,0.12514,0,0.20017,0,0.66523,0,0.18505,0,0.0,1,0.07712,0.25178,3250,547.08225,5.94061,0.09729,0.10976,0.0,0.0
48051970500,51,0.05878,1,0.93863,0,0.20238,0,0.17071,0,0.08166,0,0.0,1,0.13185,0,0.20426,0,0.63821,0,0.24849,0,0.32845,0,0.18123,0.18297,3913,266.05506,14.70748,0.09866,0.11511,0.0,0.0
