geoid,countyfp,prc_nonengprof_final,prc_nonengprof_final_unreliable_flag,prc_caraccess_final,prc_caraccess_final_unreliable_flag,prcdisabled_final,prcdisabled_final_unreliable_flag,prc_pov_final,prc_pov_final_unreliable_flag,prc_youth_final,prc_youth_final_unreliable_flag,prc_asian,prc_asian_unreliable_flag,prc_black,prc_black_unreliable_flag,prc_latino,prc_latino_unreliable_flag,prc_white,prc_white_unreliable_flag,cvapdens,cvapdens_unreliable_flag,tot_elignonreg_prc_final,tot_elignonreg_prc_final_unreliable_flag,job_dens,pollvoter_dens,pop10,areakm,popdens,vbm_rate_tot,vbm_rate_lat,vbm_rate_asn,vbm_rate_youth
48071710100,71,0.03132,1,0.95472,0,0.06936,0,0.09288,0,0.05419,0,0.0,1,0.06716,0,0.13692,0,0.75719,0,0.22482,0,0.0,1,0.38648,0.3101,6502,128.8093,50.47772,0.02815,0.01777,0.0,0.00753
48071710200,71,0.04192,1,0.97567,0,0.04668,0,0.10324,0,0.09603,0,0.00778,1,0.06221,0,0.28978,0,0.62399,0,0.47991,0,0.20168,0,0.19798,0.35028,15543,219.54491,70.79645,0.02855,0.02242,0.0,0.00996
48071710300,71,0.00801,1,0.99155,0,0.1339,0,0.16809,1,0.06703,0,0.00258,1,0.18158,0,0.15175,1,0.63204,0,0.06593,0,0.0,1,0.05127,0.09761,2890,238.66589,12.10898,0.03832,0.03877,0.0,0.01173
48071710401,71,0.02239,1,0.94734,0,0.16815,0,0.14173,0,0.11836,0,0.00722,1,0.05983,1,0.05094,1,0.85608,0,0.14934,0,0.30089,0,0.19887,0.08863,6274,383.16021,16.37435,0.04072,0.04251,0.0,0.01224
48071710500,71,0.27245,0,0.96884,0,0.1511,0,0.2267,0,0.09137,0,0.06979,1,0.08098,0,0.38972,0,0.45898,0,0.07999,0,0.0,1,0.16538,0.07159,3887,677.36544,5.73841,0.03392,0.03347,0.0,0.00183
48071710600,71,,1,,1,,1,,1,,1,,1,,1,,1,,1,0.0,1,0.0,1,,0.0818,0,599.90959,0.0,0.04795,0.04079,0.0,0.01328
48071990000,71,,1,,1,,1,,1,,1,,1,,1,,1,,1,0.0,1,0.0,1,,0.0,0,8.90426,0.0,0.04381,0.0178,0.0,0.0
