geoid,countyfp,prc_nonengprof_final,prc_nonengprof_final_unreliable_flag,prc_caraccess_final,prc_caraccess_final_unreliable_flag,prcdisabled_final,prcdisabled_final_unreliable_flag,prc_pov_final,prc_pov_final_unreliable_flag,prc_youth_final,prc_youth_final_unreliable_flag,prc_asian,prc_asian_unreliable_flag,prc_black,prc_black_unreliable_flag,prc_latino,prc_latino_unreliable_flag,prc_white,prc_white_unreliable_flag,cvapdens,cvapdens_unreliable_flag,tot_elignonreg_prc_final,tot_elignonreg_prc_final_unreliable_flag,job_dens,pollvoter_dens,pop10,areakm,popdens,vbm_rate_tot,vbm_rate_lat,vbm_rate_asn,vbm_rate_youth
48281950100,281,0.02857,1,0.95058,0,0.27559,0,0.06571,0,0.05863,0,0.00377,1,0.02219,1,0.15745,0,0.81658,0,0.12285,0,0.0,1,0.09983,0.24126,2730,1240.65399,2.20045,0.08037,0.04816,0.0,0.03893
48281950301,281,0.02166,1,0.97689,0,0.21668,0,0.06903,0,0.07757,0,0.00448,1,0.08404,0,0.14073,0,0.73115,0,0.2977,0,0.23231,0,0.06902,0.2384,6329,117.25313,53.97724,0.09448,0.09615,0.0,0.01393
48281950302,281,0.0157,1,1.0,0,0.18657,0,0.0366,1,0.08132,0,0.0,1,0.0,1,0.21008,0,0.76091,0,0.18507,0,0.0,1,0.05762,0.44641,3200,445.47384,7.18336,0.09323,0.09,0.11389,0.017
48281950400,281,0.03632,0,0.86865,0,0.23409,0,0.27637,0,0.09085,0,0.01197,1,0.00329,1,0.31479,0,0.64718,0,0.19272,0,0.78276,0,0.52824,0.04206,3674,27.51693,133.5178,0.10097,0.09991,0.25545,0.01413
48281950500,281,0.03808,0,0.94516,0,0.13281,0,0.09948,0,0.05232,0,0.03406,0,0.07346,1,0.15828,0,0.71638,0,0.20166,0,0.85328,0,0.24529,0.03187,3744,18.18278,205.90915,0.10328,0.06916,0.01991,0.02772
