geoid,countyfp,prc_nonengprof_final,prc_nonengprof_final_unreliable_flag,prc_caraccess_final,prc_caraccess_final_unreliable_flag,prcdisabled_final,prcdisabled_final_unreliable_flag,prc_pov_final,prc_pov_final_unreliable_flag,prc_youth_final,prc_youth_final_unreliable_flag,prc_asian,prc_asian_unreliable_flag,prc_black,prc_black_unreliable_flag,prc_latino,prc_latino_unreliable_flag,prc_white,prc_white_unreliable_flag,cvapdens,cvapdens_unreliable_flag,tot_elignonreg_prc_final,tot_elignonreg_prc_final_unreliable_flag,job_dens,pollvoter_dens,pop10,areakm,popdens,vbm_rate_tot,vbm_rate_lat,vbm_rate_asn,vbm_rate_youth
48365950100,365,0.01661,1,0.97911,0,0.22362,0,0.1664,0,0.1135,0,0.0,1,0.27458,0,0.03036,1,0.69234,0,0.20433,0,0.06839,0,0.02557,0.20799,4740,757.9618,6.25361,0.05672,0.05958,0.0,0.0
48365950200,365,0.03395,0,0.96075,0,0.10742,0,0.18404,0,0.04468,0,0.0,1,0.11401,0,0.09487,0,0.76646,0,0.1406,0,0.13501,0,0.07143,0.13769,3208,407.19452,7.8783,0.04646,0.0,0.0,0.00792
48365950300,365,0.03521,0,0.9534,0,0.12631,0,0.10596,0,0.07364,0,0.0,1,0.10921,0,0.13392,0,0.75006,0,0.16194,0,0.0,1,0.14345,0.35176,4304,292.34372,14.7224,0.07368,0.0055,0.0,0.04471
48365950400,365,0.02103,0,0.94425,0,0.12712,0,0.14741,0,0.12453,0,0.00265,1,0.25156,0,0.10206,0,0.63811,0,0.27419,0,0.86493,0,0.72075,0.03628,6847,36.4279,187.96034,0.07081,0.01343,0.0,0.04807
48365950500,365,0.00076,1,0.94727,0,0.06763,0,0.12416,0,0.05547,0,0.0,1,0.09874,1,0.05584,1,0.84357,0,0.11985,0,0.0,1,0.02469,0.13905,2431,298.01748,8.15724,0.07167,0.00733,0.0,0.01177
48365950600,365,0.04313,1,0.99221,0,0.13271,0,0.15239,0,0.07828,0,0.0,1,0.04814,1,0.0992,1,0.84931,0,0.09909,0,0.0,1,0.01411,0.12723,2266,335.22087,6.75972,0.0591,0.06858,0.0,0.03641
