geoid,countyfp,prc_nonengprof_final,prc_nonengprof_final_unreliable_flag,prc_caraccess_final,prc_caraccess_final_unreliable_flag,prcdisabled_final,prcdisabled_final_unreliable_flag,prc_pov_final,prc_pov_final_unreliable_flag,prc_youth_final,prc_youth_final_unreliable_flag,prc_asian,prc_asian_unreliable_flag,prc_black,prc_black_unreliable_flag,prc_latino,prc_latino_unreliable_flag,prc_white,prc_white_unreliable_flag,cvapdens,cvapdens_unreliable_flag,tot_elignonreg_prc_final,tot_elignonreg_prc_final_unreliable_flag,job_dens,pollvoter_dens,pop10,areakm,popdens,vbm_rate_tot,vbm_rate_lat,vbm_rate_asn,vbm_rate_youth
48241950100,241,0.00365,1,0.98563,0,0.13303,0,0.19179,0,0.04982,0,0.00344,1,0.06795,0,0.04447,1,0.87994,0,0.14825,0,0.0,1,0.07884,0.24626,6030,766.63361,7.86556,0.07621,0.03746,0.0,0.03358
48241950200,241,0.00408,1,0.93927,0,0.15467,0,0.12654,0,0.09637,0,0.0,1,0.53172,0,0.0281,1,0.44018,0,0.08929,0,0.41704,0,0.27616,0.05088,3475,13.16233,264.01103,0.08398,0.00325,0.0,0.01653
48241950300,241,0.03096,1,0.81723,0,0.0975,0,0.36324,0,0.1098,0,0.0045,1,0.65372,0,0.06475,1,0.27027,0,0.09043,0,0.71293,0,0.20202,0.02626,3375,16.76713,201.28668,0.07402,0.01851,0.0,0.00995
48241950400,241,0.01861,1,0.99341,0,0.10487,0,0.18904,0,0.04316,0,0.01959,1,0.13148,0,0.15705,0,0.67791,0,0.15981,0,0.2326,0,0.06476,0.13825,5111,367.91318,13.89186,0.06288,0.05502,0.0,0.00754
48241950500,241,0.01146,1,0.97248,0,0.1373,0,0.24846,0,0.10212,0,0.0,1,0.05754,1,0.03588,1,0.88344,0,0.13725,0,0.0,1,0.02464,0.192,4697,594.08947,7.90622,0.04549,0.01735,0.0,0.01779
48241950600,241,0.0693,1,0.81978,0,0.13285,0,0.27492,0,0.11904,0,0.0,1,0.11719,0,0.15712,0,0.68983,0,0.07412,0,0.83502,0,0.13585,0.01348,2389,15.42784,154.84992,0.05051,0.02857,,0.02941
48241950700,241,0.02322,1,0.97428,0,0.11679,0,0.05147,1,0.07843,0,0.00222,1,0.0,1,0.03915,0,0.93117,0,0.229,0,0.0,1,0.09033,0.31955,8133,713.57482,11.39754,0.03721,0.0207,0.11808,0.00255
48241950800,241,0.00434,1,0.9225,0,0.22677,0,0.2163,1,0.1062,0,0.0,1,0.05013,1,0.02209,1,0.89422,0,0.07185,0,0.85005,0,0.1274,0.01333,2500,23.93701,104.44078,0.04274,0.03481,,0.00606
