geoid,countyfp,tot_elignonreg_prc_final,tot_elignonreg_prc_final_unreliable_flag,job_dens,pollvoter_dens,pop10,areakm,popdens,vbm_rate_tot,vbm_rate_lat,vbm_rate_asn,vbm_rate_youth
48089750100,89,0.05281,0,0.18121,0.17739,4769,510.64797,9.33911,0.10294,0.07874,0.0,0.05946
48089750200,89,0.0,1,0.08691,0.11249,2162,681.88288,3.17063,0.0911,0.05063,0.0,0.02441
48089750300,89,0.0,1,0.22643,0.31375,4769,560.11945,8.51426,0.09855,0.07648,0.0,0.02626
48089750400,89,0.0007,0,0.13791,0.29674,5027,588.968,8.53527,0.08863,0.07738,0.0,0.02468
48089750500,89,0.50359,0,0.36754,0.09963,4147,180.21614,23.01126,0.10416,0.06658,0.0,0.03747
