geoid,countyfp,prc_nonengprof_final,prc_nonengprof_final_unreliable_flag,prc_caraccess_final,prc_caraccess_final_unreliable_flag,prcdisabled_final,prcdisabled_final_unreliable_flag,prc_pov_final,prc_pov_final_unreliable_flag,prc_youth_final,prc_youth_final_unreliable_flag,prc_asian,prc_asian_unreliable_flag,prc_black,prc_black_unreliable_flag,prc_latino,prc_latino_unreliable_flag,prc_white,prc_white_unreliable_flag,cvapdens,cvapdens_unreliable_flag,tot_elignonreg_prc_final,tot_elignonreg_prc_final_unreliable_flag,job_dens,pollvoter_dens,pop10,areakm,popdens,vbm_rate_tot,vbm_rate_lat,vbm_rate_asn,vbm_rate_youth
48189950100,189,0.14696,0,0.97206,0,0.14524,0,0.26207,0,0.06825,0,0.0,1,0.04307,0,0.72958,0,0.19534,0,0.10572,0,0.46538,0,0.08143,0.05411,5108,23.0419,221.68312,0.07082,0.05194,,0.01388
48189950200,189,0.16356,0,0.86343,0,0.15792,0,0.16756,0,0.09473,0,0.00346,1,0.04578,1,0.81342,0,0.12813,0,0.09024,0,0.16674,0,0.04334,0.0584,4415,6.11341,722.18331,0.08477,0.05558,,0.00479
48189950300,189,0.04959,0,0.9288,0,0.07295,0,0.14212,0,0.08052,0,0.00411,1,0.04503,1,0.50704,0,0.43268,0,0.21706,0,0.23261,0,0.40746,0.25536,6685,12.30162,543.42446,0.08308,0.03592,0.0,0.0195
48189950400,189,0.11135,0,0.94476,0,0.06578,0,0.08449,1,0.22114,0,0.00605,1,0.07198,0,0.61824,0,0.27972,0,0.1376,0,0.34778,0,0.14173,0.1148,4792,4.52038,1060.08884,0.08345,0.03264,0.0,0.01721
48189950500,189,0.14291,0,0.918,0,0.06833,0,0.17681,0,0.08584,0,0.00718,1,0.04373,1,0.75131,0,0.18668,0,0.08687,0,0.25635,0,0.13711,0.06278,3270,5.92363,552.02661,0.07524,0.04455,0.0,0.02432
48189950600,189,0.05737,0,0.95594,0,0.04654,0,0.12239,0,0.14804,0,0.0,1,0.07988,0,0.3877,0,0.50144,0,0.15084,0,0.0,1,0.1075,0.19232,4828,1078.77498,4.47545,0.07818,0.04636,0.0,0.01642
48189950700,189,0.06136,0,0.96059,0,0.13812,0,0.19757,0,0.09048,0,0.00145,1,0.01629,1,0.60948,0,0.35794,0,0.08462,0,0.28437,0,0.02745,0.08573,3063,511.41372,5.98928,0.05158,0.0288,0.0,0.0234
48189950800,189,0.107,0,0.98594,0,0.09416,0,0.16972,0,0.06849,0,0.00381,1,0.00533,1,0.58143,0,0.40107,0,0.04153,0,0.0,1,0.01496,0.05694,1430,352.30724,4.05896,0.07506,0.09074,,0.02606
48189950900,189,0.06614,0,0.95846,0,0.10352,0,0.13813,0,0.09033,0,0.0,1,0.002,1,0.455,0,0.52333,0,0.08552,0,0.08061,0,0.03902,0.11955,2682,607.96559,4.41143,0.04429,0.06463,0.0,0.03151
