geoid,countyfp,prc_nonengprof_final,prc_nonengprof_final_unreliable_flag,prc_caraccess_final,prc_caraccess_final_unreliable_flag,prcdisabled_final,prcdisabled_final_unreliable_flag,prc_pov_final,prc_pov_final_unreliable_flag,prc_youth_final,prc_youth_final_unreliable_flag,prc_asian,prc_asian_unreliable_flag,prc_black,prc_black_unreliable_flag,prc_latino,prc_latino_unreliable_flag,prc_white,prc_white_unreliable_flag,cvapdens,cvapdens_unreliable_flag,tot_elignonreg_prc_final,tot_elignonreg_prc_final_unreliable_flag,job_dens,pollvoter_dens,pop10,areakm,popdens,vbm_rate_tot,vbm_rate_lat,vbm_rate_asn,vbm_rate_youth
48225950100,225,0.01527,1,0.95074,0,0.1282,0,0.15698,0,0.08365,0,0,1,0.15004,0,0.06639,1,0.78223,0,0.22361,0,,,0.20726,0.2645,4872,901.25435,5.4058,0.08578,0.08793,0,0.00743
48225950200,225,0.03521,1,0.96552,0,0.11111,1,0.11996,0,0.05954,1,0.01138,1,0.21804,0,0.12522,1,0.64536,0,0.04818,0,,,0.01771,0.10671,1422,467.07966,3.04445,0.08892,0,0,0.06082
48225950300,225,0.04995,1,0.90485,0,0.2569,0,0.39606,0,0.15246,0,0.01687,0,0.39831,0,0.07171,0,0.43387,0,0.12977,0,,,0.21745,0.01,3274,7.98131,410.20847,0.11745,0.00557,,0.00634
48225950400,225,0.08827,0,0.74324,0,0.16154,0,0.37398,0,0.10956,0,0,1,0.5331,0,0.20674,0,0.24932,0,0.10721,0,,,0.25066,0.00398,3138,6.83424,459.15867,0.11646,0.03591,,0.01675
48225950500,225,0.03367,0,0.9893,0,0.14128,0,0.16186,0,0.07275,0,0.00232,1,0.0994,0,0.11886,0,0.77108,0,0.18936,0,,,0.20328,0.39214,4419,708.98351,6.23287,0.10301,0.02477,0,0.01211
48225950600,225,0.0024,1,0.95897,0,0.13158,0,0.20305,0,0.01298,1,0,1,0.24885,0,0,1,0.74275,0,0.05709,0,,,0.0496,0.07718,1531,462.71218,3.30875,0.07739,0.07099,0,0.03903
48225950700,225,0.04877,0,0.97597,0,0.09437,0,0.12232,0,0.03687,0,0.00177,1,0.2429,0,0.15181,0,0.5901,0,0.24478,0,,,0.05403,0.14548,5076,647.86899,7.83492,0.05726,0.10231,,0
