geoid,countyfp,prc_nonengprof_final,prc_nonengprof_final_unreliable_flag,prc_caraccess_final,prc_caraccess_final_unreliable_flag,prcdisabled_final,prcdisabled_final_unreliable_flag,prc_pov_final,prc_pov_final_unreliable_flag,prc_youth_final,prc_youth_final_unreliable_flag,prc_asian,prc_asian_unreliable_flag,prc_black,prc_black_unreliable_flag,prc_latino,prc_latino_unreliable_flag,prc_white,prc_white_unreliable_flag,cvapdens,cvapdens_unreliable_flag,tot_elignonreg_prc_final,tot_elignonreg_prc_final_unreliable_flag,job_dens,pollvoter_dens,pop10,areakm,popdens,vbm_rate_tot,vbm_rate_lat,vbm_rate_asn,vbm_rate_youth
48279950100,279,0.1232,0,0.92368,0,0.14317,0,0.16395,0,0.09112,0,0.0,1,0.01453,1,0.6956,0,0.27337,0,0.191,0,0.0,1,0.2449,0.22506,2794,539.65455,5.17739,0.07277,0.06697,,0.0
48279950200,279,0.07565,0,0.94369,0,0.16789,0,0.08344,0,0.0691,0,0.0,1,0.02021,1,0.45241,0,0.51825,0,0.12464,0,0.46159,0,0.06746,0.08957,1660,446.3165,3.71933,0.04117,0.00796,0.0,0.04227
48279950300,279,0.14811,0,0.93279,0,0.10267,0,0.17007,0,0.08701,0,0.00669,1,0.03124,1,0.50335,0,0.45739,0,0.16215,0,0.0,1,0.15703,0.28514,2222,944.9516,2.35144,0.11318,0.08807,0.5,0.00808
48279950500,279,0.09382,0,0.89973,0,0.13982,0,0.25192,0,0.073,0,0.0,1,0.04465,0,0.68899,0,0.22474,0,0.23716,0,0.12551,0,0.18764,0.2256,3704,405.90913,9.1252,0.09463,0.06938,0.5,0.03984
48279950600,279,0.07066,0,0.9574,0,0.15311,0,0.21086,0,0.10123,0,0.0152,1,0.0304,1,0.40551,0,0.54402,0,0.28505,0,0.46726,0,0.34297,0.17463,3597,299.03965,12.02851,0.09943,0.06961,0.5,0.03442
