geoid,countyfp,prc_nonengprof_final,prc_nonengprof_final_unreliable_flag,prc_caraccess_final,prc_caraccess_final_unreliable_flag,prcdisabled_final,prcdisabled_final_unreliable_flag,prc_pov_final,prc_pov_final_unreliable_flag,prc_youth_final,prc_youth_final_unreliable_flag,prc_asian,prc_asian_unreliable_flag,prc_black,prc_black_unreliable_flag,prc_latino,prc_latino_unreliable_flag,prc_white,prc_white_unreliable_flag,cvapdens,cvapdens_unreliable_flag,tot_elignonreg_prc_final,tot_elignonreg_prc_final_unreliable_flag,job_dens,pollvoter_dens,pop10,areakm,popdens,vbm_rate_tot,vbm_rate_lat,vbm_rate_asn,vbm_rate_youth
48285000100,285,0.0221,0,0.95355,0,0.12409,0,0.10088,0,,0,,1,0.02029,1,0.10992,0,0.84156,0,0.192,0,,1,0.16945,0.27603,3431,1072.35818,3.19949,0.09102,0.07206,0,
48285000200,285,0.0355,0,0.90036,0,0.11276,0,0.17287,0,,0,,1,0.12127,0,0.16657,0,0.68343,0,0.18614,0,,0,0.27235,0.12724,3544,220.61471,16.06421,0.09598,0.09083,0,
48285000300,285,0.0563,0,0.9862,0,0.09178,0,0.06721,0,,0,,1,0,1,0.16646,0,0.82231,0,0.1203,0,,1,0.07417,0.1365,2568,341.4578,7.5207,0.07785,0.01163,0,
48285000400,285,0.0078,1,0.96026,0,0.08726,0,0.06039,0,,0,,1,0.04859,0,0.05428,0,0.89542,0,0.1858,0,,0,0.20786,0.20274,3586,207.03231,17.32097,0.08934,0.05241,,
48285000500,285,0.03442,1,0.98338,0,0.09278,0,0.11913,0,,0,,1,0.05748,1,0.2115,0,0.72153,0,0.17925,0,,1,0.08736,0.23433,3330,663.30733,5.0203,0.08602,0.10637,0,
48285000600,285,0.13798,0,0.87894,0,0.1046,0,0.10754,0,,0,,1,0.10754,0,0.44862,0,0.44066,0,0.1365,0,,0,0.1888,0.02315,2804,8.64737,324.26049,0.10737,0.05337,0,
