geoid,countyfp,prc_nonengprof_final,prc_nonengprof_final_unreliable_flag,prc_caraccess_final,prc_caraccess_final_unreliable_flag,prcdisabled_final,prcdisabled_final_unreliable_flag,prc_pov_final,prc_pov_final_unreliable_flag,prc_youth_final,prc_youth_final_unreliable_flag,prc_asian,prc_asian_unreliable_flag,prc_black,prc_black_unreliable_flag,prc_latino,prc_latino_unreliable_flag,prc_white,prc_white_unreliable_flag,cvapdens,cvapdens_unreliable_flag,tot_elignonreg_prc_final,tot_elignonreg_prc_final_unreliable_flag,job_dens,pollvoter_dens,pop10,areakm,popdens,vbm_rate_tot,vbm_rate_lat,vbm_rate_asn,vbm_rate_youth
48457950100,457,0.00393,1,0.9745,0,0.17857,0,0.09705,0,0.06088,0,0.00221,1,0.0041,1,0.03912,0,0.93943,0,0.14396,0,0.0224,0,0.1039,0.17848,2985,741.66849,4.02471,0.08272,0.05345,0.0,0.01663
48457950200,457,0.05461,0,0.91724,0,0.22457,0,0.08885,0,0.15371,0,0.00186,1,0.18148,0,0.14553,0,0.64869,0,0.39314,0,0.0,1,0.18058,0.36394,7895,593.57314,13.3008,0.09216,0.0797,0.0,0.01519
48457950300,457,0.00647,1,0.90076,0,0.20241,0,0.24598,0,0.07692,0,0.00074,1,0.21715,0,0.01472,1,0.7431,0,0.11942,0,0.88778,0,0.52566,0.01347,2522,12.32218,204.67161,0.08827,0.02616,,0.00728
48457950400,457,0.0,1,0.96095,0,0.2413,0,0.30703,0,0.07379,0,0.0,1,0.02886,1,0.03724,0,0.90573,0,0.20071,0,0.0,1,0.06926,0.25797,5359,680.82938,7.87128,0.0673,0.04382,0.0,0.0097
48457950500,457,0.00492,1,0.91053,0,0.15879,0,0.11506,0,0.08599,0,0.01408,1,0.02999,1,0.04835,1,0.88219,0,0.14277,0,0.0,1,0.12059,0.18614,3005,394.85906,7.61031,0.09256,0.0002,,0.00278
