geoid,countyfp,prc_nonengprof_final,prc_nonengprof_final_unreliable_flag,prc_caraccess_final,prc_caraccess_final_unreliable_flag,prcdisabled_final,prcdisabled_final_unreliable_flag,prc_pov_final,prc_pov_final_unreliable_flag,prc_youth_final,prc_youth_final_unreliable_flag,prc_asian,prc_asian_unreliable_flag,prc_black,prc_black_unreliable_flag,prc_latino,prc_latino_unreliable_flag,prc_white,prc_white_unreliable_flag,cvapdens,cvapdens_unreliable_flag,tot_elignonreg_prc_final,tot_elignonreg_prc_final_unreliable_flag,job_dens,pollvoter_dens,pop10,areakm,popdens,vbm_rate_tot,vbm_rate_lat,vbm_rate_asn,vbm_rate_youth
48253020101,253,0.04836,1,0.96085,0,0.20904,0,0.15625,1,0.01818,1,,1,,1,0.2303,0,0.71591,0,0.06454,0,0,1,0.04263,0.11721,2031,233.04799,8.71494,0.07271,0.04444,0.09205,
48253020102,253,0.04522,0,,1,,1,,1,0.12704,0,,0,,0,0.31826,0,0.25277,0,0.4104,0,0,1,0.00474,0.00272,4394,6.31425,695.88668,0.07724,0.05,,
48253020200,253,0.09528,0,0.94904,0,0.12946,0,0.18052,0,0.1037,0,,1,,1,0.289,0,0.67674,0,0.09712,0,0.92297,0,0.26861,0.01236,2649,34.77969,76.16514,0.10063,0.0814,,
48253020300,253,0.09062,0,0.95806,0,0.15217,0,0.16275,0,0.07494,1,,1,,0,0.25632,0,0.60859,0,0.08177,0,0,1,0.18674,0.16594,2410,413.27407,5.83148,0.10338,0.0707,0,
48253020400,253,0.08564,0,0.87676,0,0.20249,0,0.16277,0,0.03713,1,,1,,1,0.45878,0,0.48584,0,0.1416,0,0.13865,0,0.36062,0.18855,3497,354.14177,9.87458,0.12894,0.08622,0,
48253020500,253,0.0085,1,0.96531,0,0.18585,0,0.08707,0,0.08209,0,,1,,1,0.087,0,0.88891,0,0.20457,0,0,1,0.13667,0.51322,5221,1385.61607,3.768,0.08272,0.06584,0,
