geoid,countyfp,prc_nonengprof_final,prc_nonengprof_final_unreliable_flag,prc_caraccess_final,prc_caraccess_final_unreliable_flag,prcdisabled_final,prcdisabled_final_unreliable_flag,prc_pov_final,prc_pov_final_unreliable_flag,prc_youth_final,prc_youth_final_unreliable_flag,prc_asian,prc_asian_unreliable_flag,prc_black,prc_black_unreliable_flag,prc_latino,prc_latino_unreliable_flag,prc_white,prc_white_unreliable_flag,cvapdens,cvapdens_unreliable_flag,tot_elignonreg_prc_final,tot_elignonreg_prc_final_unreliable_flag,job_dens,pollvoter_dens,pop10,areakm,popdens,vbm_rate_tot,vbm_rate_lat,vbm_rate_asn,vbm_rate_youth
48147950100,147,0.03941,0,0.93,0,0.16846,0,0.16277,0,0.11919,0,0.00407,1,0.07029,0,0.12156,0,0.78404,0,0.07935,0,0.34407,0,0.03087,0.06014,2850,375.17685,7.59642,0.11206,0.02985,0.0,0.0
48147950300,147,0.01844,1,0.96467,0,0.14198,0,0.1001,0,0.07547,0,0.00157,1,0.00597,1,0.04843,0,0.88711,0,0.0951,0,0.07996,0,0.02129,0.11079,3095,236.4579,13.08901,0.06145,0.04944,0.0,0.02606
48147950401,147,0.09025,0,0.87418,0,0.2188,0,0.22115,0,0.12868,0,0.02487,1,0.16701,0,0.28844,0,0.48446,0,0.13871,0,0.0,1,0.10245,0.01523,4510,11.7261,384.61223,0.09675,0.03267,0.0,0.01889
48147950402,147,0.01316,1,0.97283,0,0.14247,0,0.06879,0,0.06048,0,0.00143,1,0.07175,0,0.07794,0,0.79921,0,0.18905,0,0.39226,0,0.50479,0.12945,6442,93.61941,68.81052,0.10856,0.03473,0.0,0.01738
48147950500,147,0.02266,0,0.94857,0,0.12008,0,0.13645,0,0.08845,0,0.0,1,0.06759,0,0.07107,0,0.82619,0,0.07627,0,0.0,1,0.03379,0.1147,2661,421.56534,6.31219,0.08837,0.03409,0.0,0.02092
48147950600,147,0.01548,1,0.95494,0,0.11186,0,0.19951,0,0.07862,0,0.00652,1,0.01996,1,0.09084,1,0.83218,0,0.0659,0,0.0,1,0.12427,0.11998,2386,164.12273,14.5379,0.1091,0.08707,0.0,0.04873
48147950701,147,0.04209,0,0.97976,0,0.12378,0,0.14363,0,0.1052,0,0.00207,1,0.01802,1,0.11079,0,0.84987,0,0.13525,0,0.12062,0,0.08329,0.14415,4454,263.89935,16.87765,0.06303,0.08838,0.0,0.05413
48147950702,147,0.01366,1,0.98295,0,0.0651,0,0.07451,0,0.06261,0,0.01125,1,0.03252,1,0.08784,0,0.84802,0,0.09222,0,0.0,1,0.05721,0.13038,3103,141.84027,21.87672,0.06336,0.01641,0.0,0.02598
48147950800,147,0.02552,1,0.97219,0,0.12246,0,0.07106,0,0.05215,0,0.00267,1,0.01019,1,0.06646,0,0.88091,0,0.12815,0,0.0,1,0.04204,0.17518,4414,619.69015,7.12291,0.07862,0.08911,0.0,0.00491
