geoid,countyfp,prc_nonengprof_final,prc_nonengprof_final_unreliable_flag,prc_caraccess_final,prc_caraccess_final_unreliable_flag,prcdisabled_final,prcdisabled_final_unreliable_flag,prc_pov_final,prc_pov_final_unreliable_flag,prc_youth_final,prc_youth_final_unreliable_flag,prc_asian,prc_asian_unreliable_flag,prc_black,prc_black_unreliable_flag,prc_latino,prc_latino_unreliable_flag,prc_white,prc_white_unreliable_flag,cvapdens,cvapdens_unreliable_flag,tot_elignonreg_prc_final,tot_elignonreg_prc_final_unreliable_flag,job_dens,pollvoter_dens,pop10,areakm,popdens,vbm_rate_tot,vbm_rate_lat,vbm_rate_asn,vbm_rate_youth
48185180101,185,0.1196,0,0.96825,0,0.10616,0,0.16996,0,0.1239,0,0.00251,1,0.25391,0,0.44137,0,0.29503,0,0.19332,0,0.321,0,0.31629,0.13715,4397,192.0941,22.88982,0.08456,0.03668,0.0,0.00774
48185180102,185,0.10546,0,0.96331,0,0.14292,0,0.23059,0,0.02466,1,0.00183,1,0.02763,1,0.20708,0,0.74338,0,0.14321,0,0.0,1,0.06211,0.17958,4012,195.19987,20.55329,0.08575,0.04788,0.0,0.0
48185180200,185,0.04314,0,0.95563,0,0.05974,0,0.1723,0,0.10712,0,0.0,1,0.17763,0,0.22536,0,0.57207,0,0.24761,0,0.13893,0,0.47444,0.23997,6660,313.17239,21.26624,0.08981,0.05649,0.0,0.0
48185180301,185,0.01158,1,0.99323,0,0.15257,0,0.07204,0,0.05743,0,0.0012,1,0.07705,0,0.09005,0,0.81189,0,0.18693,0,0.0,1,0.11323,0.3029,4934,849.86798,5.80561,0.07701,0.03266,0.1143,0.00871
48185180302,185,0.01754,1,0.94281,0,0.18473,0,0.21032,0,0.09849,0,0.0,1,0.0617,0,0.18896,0,0.69742,0,0.12331,0,0.11274,0,0.03392,0.126,3675,494.18934,7.43642,0.0742,0.04609,0.0,0.02339
48185180400,185,0.05759,0,1.0,0,0.25472,1,0.49533,0,0.12304,0,0.01178,1,0.31675,0,0.28229,0,0.36867,0,0.10563,0,0.0,1,,0.01441,2926,31.61963,92.53746,0.07918,0.02419,0.0,0.01429
