geoid,countyfp,prc_nonengprof_final,prc_nonengprof_final_unreliable_flag,prc_caraccess_final,prc_caraccess_final_unreliable_flag,prcdisabled_final,prcdisabled_final_unreliable_flag,prc_pov_final,prc_pov_final_unreliable_flag,prc_youth_final,prc_youth_final_unreliable_flag,prc_asian,prc_asian_unreliable_flag,prc_black,prc_black_unreliable_flag,prc_latino,prc_latino_unreliable_flag,prc_white,prc_white_unreliable_flag,cvapdens,cvapdens_unreliable_flag,tot_elignonreg_prc_final,tot_elignonreg_prc_final_unreliable_flag,job_dens,pollvoter_dens,pop10,areakm,popdens,vbm_rate_tot,vbm_rate_lat,vbm_rate_asn,vbm_rate_youth
48323950201,323,0.30731,0,0.95379,0,0.23954,0,0.2725,0,0.14062,0,0.00161,1,0.0,1,0.93372,0,0.01577,1,0.13625,0,0.0,1,0.18634,0.22692,7083,1188.87038,5.95776,0.61563,0.61611,,0.49156
48323950204,323,0.44048,0,0.97561,0,0.14415,0,0.19775,0,0.15123,0,0.0,1,0.0,1,1.0,0,0.0,1,0.07072,0,0.0,1,0.25441,0.07541,4219,5.40488,780.59095,0.62059,0.62215,,0.52349
48323950205,323,0.46004,0,0.98024,0,0.0861,0,0.33381,0,0.10459,0,0.0,1,0.01085,1,0.9793,0,0.00985,1,0.14734,0,0.81526,0,0.01557,0.02245,8704,13.94746,624.05643,0.66318,0.66337,1.0,0.56004
48323950300,323,0.22544,0,0.9696,0,0.10673,0,0.22838,0,0.1024,0,0.00344,1,0.0,1,0.94331,0,0.03872,0,0.13642,0,0.65263,0,0.04824,0.05734,7457,3.89626,1913.88556,0.67974,0.68127,1.0,0.57059
48323950400,323,0.50662,0,0.88731,0,0.19948,0,0.32598,0,0.12217,0,0.0,1,0.0,1,0.98593,0,0.01241,1,0.06743,0,0.10836,0,0.03586,0.05913,3650,1.55601,2345.7401,0.66428,0.66537,1.0,0.48528
48323950500,323,0.42279,0,0.8363,0,0.07585,0,0.38405,0,0.12082,0,0.03484,1,0.00746,1,0.89988,0,0.05782,0,0.10019,0,0.0,1,0.18581,0.09348,5673,7.52661,753.7262,0.73444,0.73397,1.0,0.64278
48323950601,323,0.46972,0,0.81071,0,0.20131,0,0.27452,0,0.15274,0,0.0,1,0.00222,1,0.96487,0,0.03291,1,0.05426,0,0.3941,0,0.0256,0.02643,2666,1.61738,1648.34945,0.69728,0.69731,1.0,0.6248
48323950602,323,0.39851,0,0.95559,0,0.11951,0,0.159,0,0.10587,0,0.0,1,0.0,1,0.99632,0,0.00368,1,0.09811,0,0.63722,0,0.11038,0.02879,5394,4.04536,1333.38092,0.6825,0.68261,1.0,0.58602
48323950700,323,0.32464,0,0.96735,0,0.15887,0,0.22263,0,0.11189,0,0.0,1,0.00809,1,0.9269,0,0.03782,0,0.18929,0,0.0,1,0.1378,0.41006,9412,2118.82592,4.44208,0.64498,0.64875,1.0,0.63259
