geoid,countyfp,prc_nonengprof_final,prc_nonengprof_final_unreliable_flag,prc_caraccess_final,prc_caraccess_final_unreliable_flag,prcdisabled_final,prcdisabled_final_unreliable_flag,prc_pov_final,prc_pov_final_unreliable_flag,prc_youth_final,prc_youth_final_unreliable_flag,prc_asian,prc_asian_unreliable_flag,prc_black,prc_black_unreliable_flag,prc_latino,prc_latino_unreliable_flag,prc_white,prc_white_unreliable_flag,cvapdens,cvapdens_unreliable_flag,tot_elignonreg_prc_final,tot_elignonreg_prc_final_unreliable_flag,job_dens,pollvoter_dens,pop10,areakm,popdens,vbm_rate_tot,vbm_rate_lat,vbm_rate_asn,vbm_rate_youth
48323950201,323,0.34031,0,0.95882,0,0.17262,0,0.29185,0,0.1123,0,0.00257,1,0.0,1,0.93463,0,0.01167,1,0.13931,0,0.0,1,0.15743,0.21838,7083,1188.87038,5.95776,0.04013,0.04031,0.0,0.01109
48323950204,323,0.43875,0,0.9693,0,0.08279,0,0.22831,0,0.12495,0,0.0,1,0.0,1,0.99115,0,0.0,1,0.06521,0,0.0,1,0.24937,0.06739,4219,5.40488,780.59095,0.04343,0.04367,,0.01051
48323950205,323,0.37601,0,0.97164,0,0.08415,0,0.35629,0,0.11201,0,0.0,1,0.00307,1,0.97871,0,0.01821,0,0.1364,0,0.80286,0,0.04457,0.02366,8704,13.94746,624.05643,0.04602,0.04615,,0.00859
48323950300,323,0.21845,0,0.98327,0,0.13606,0,0.25158,0,0.14481,0,0.00274,1,0.01238,0,0.93965,0,0.03141,0,0.1441,0,0.61804,0,0.04525,0.0587,7457,3.89626,1913.88556,0.07881,0.07973,,0.02677
48323950400,323,0.43882,0,0.87765,0,0.17622,0,0.27356,0,0.11955,0,0.0,1,0.0,1,0.99113,0,0.00679,1,0.07496,0,0.19401,0,0.04084,0.05557,3650,1.55601,2345.7401,0.08849,0.08808,,0.02089
48323950500,323,0.39369,0,0.84848,0,0.04727,1,0.37093,0,0.11979,0,0.04476,1,0.00277,1,0.89583,0,0.05664,0,0.0931,0,0.0,1,0.1861,0.11537,5673,7.52661,753.7262,0.07522,0.0766,,0.00892
48323950601,323,0.39684,0,0.83044,0,0.17898,0,0.37504,0,0.12284,0,0.0,1,0.0,1,0.94352,0,0.05648,1,0.05442,0,0.41891,0,0.02958,0.02541,2666,1.61738,1648.34945,0.10413,0.10483,,0.03227
48323950602,323,0.41414,0,0.94178,0,0.12186,0,0.14737,0,0.13511,0,0.0,1,0.0,1,0.99617,0,0.00383,1,0.102,0,0.66431,0,0.10647,0.02869,5394,4.04536,1333.38092,0.07838,0.07874,,0.02139
48323950700,323,0.33536,0,0.95823,0,0.15351,0,0.17942,0,0.10723,0,0.0,1,0.00458,1,0.93318,0,0.03784,0,0.19048,0,0.0,1,0.14039,0.40683,9412,2118.82592,4.44208,0.0543,0.05399,,0.00983
