geoid,countyfp,prc_nonengprof_final,prc_nonengprof_final_unreliable_flag,prc_caraccess_final,prc_caraccess_final_unreliable_flag,prcdisabled_final,prcdisabled_final_unreliable_flag,prc_pov_final,prc_pov_final_unreliable_flag,prc_youth_final,prc_youth_final_unreliable_flag,prc_asian,prc_asian_unreliable_flag,prc_black,prc_black_unreliable_flag,prc_latino,prc_latino_unreliable_flag,prc_white,prc_white_unreliable_flag,cvapdens,cvapdens_unreliable_flag,tot_elignonreg_prc_final,tot_elignonreg_prc_final_unreliable_flag,job_dens,pollvoter_dens,pop10,areakm,popdens,vbm_rate_tot,vbm_rate_lat,vbm_rate_asn,vbm_rate_youth
48013960100,13,0.1867,0,0.94939,0,0.0991,0,0.19092,0,0.08249,0,0.00513,1,0.00652,1,0.62124,0,0.3484,0,0.14723,0,0.13161,0,0.1635,0.15154,6972,974.13559,7.15711,0.09036,0.11455,0.0,0.04033
48013960201,13,0.10488,0,0.93931,0,0.11444,0,0.12746,0,0.10975,0,0.0,1,0.0,1,0.68346,0,0.30562,0,0.15198,0,0.11365,0,0.05002,0.16255,6234,224.61032,27.75474,0.06779,0.06875,0.0,0.00823
48013960202,13,0.18828,0,0.95495,0,0.13441,0,0.15887,0,0.09401,0,0.0,1,0.00344,1,0.75953,0,0.22733,0,0.20487,0,0.20541,0,0.03824,0.17419,9342,323.57262,28.87142,0.07796,0.07508,0.0,0.01408
48013960300,13,0.14092,0,0.95455,0,0.06681,0,0.23167,0,0.1195,0,0.01214,1,0.0,1,0.8314,0,0.14297,0,0.08483,0,0.763,0,0.10728,0.0211,3595,22.67483,158.54587,0.08689,0.08908,,0.01065
48013960401,13,0.28245,0,0.91763,0,0.08096,0,0.14315,0,0.09429,0,0.0,1,0.0,1,0.70286,0,0.27224,0,0.0462,0,0.21199,0,0.00289,0.03801,2294,53.01528,43.27055,0.09171,0.09105,0.472,0.04628
48013960402,13,0.06979,0,0.95048,0,0.06875,0,0.07769,0,0.07821,0,0.01,1,0.00264,1,0.46628,0,0.49857,0,0.18734,0,0.2086,0,0.35345,0.20134,7801,57.0094,136.83709,0.08251,0.08403,0.0,0.03249
48013960500,13,0.25317,0,0.91766,0,0.08477,0,0.19454,0,0.06365,0,0.0,1,0.00393,1,0.76857,0,0.21375,0,0.04977,0,0.0,1,0.03266,0.06701,2684,693.60539,3.86964,0.07519,0.08031,,0.00194
48013960600,13,0.09067,1,0.92265,0,0.09698,0,0.13389,0,0.08043,0,0.0,1,0.00261,1,0.48453,0,0.47949,0,0.12777,0,0.0,1,0.25196,0.18427,5989,814.97131,7.34872,0.08529,0.09554,0.0,0.02534
