geoid,countyfp,prc_nonengprof_final,prc_nonengprof_final_unreliable_flag,prc_caraccess_final,prc_caraccess_final_unreliable_flag,prcdisabled_final,prcdisabled_final_unreliable_flag,prc_pov_final,prc_pov_final_unreliable_flag,prc_youth_final,prc_youth_final_unreliable_flag,prc_asian,prc_asian_unreliable_flag,prc_black,prc_black_unreliable_flag,prc_latino,prc_latino_unreliable_flag,prc_white,prc_white_unreliable_flag,cvapdens,cvapdens_unreliable_flag,tot_elignonreg_prc_final,tot_elignonreg_prc_final_unreliable_flag,job_dens,pollvoter_dens,pop10,areakm,popdens,vbm_rate_tot,vbm_rate_lat,vbm_rate_asn,vbm_rate_youth
48179950100,179,0.02452,0,0.95505,0,0.17957,0,0.13175,0,0.06258,0,0.02548,0,0.07725,0,0.18671,0,0.68223,0,0.24837,0,0.0,1,0.34471,0.38127,4538,2376.52717,1.90951,0.07932,0.03988,0.0,0.03765
48179950300,179,0.00778,1,0.98846,0,0.13526,0,0.04925,0,0.05616,0,0.00575,1,0.03429,1,0.13855,0,0.78711,0,0.20736,0,0.0,1,0.06281,0.28846,4325,8.41261,514.10938,0.0873,0.03747,0.0,0.04927
48179950400,179,0.05634,1,0.93662,0,0.1657,0,0.11625,0,0.07997,0,0.0,1,0.00391,1,0.19536,0,0.7825,0,0.18685,0,0.21143,0,0.29407,0.18065,4877,6.98865,697.84596,0.09568,0.02489,0.0,0.03774
48179950500,179,0.09535,0,0.90253,0,0.14139,0,0.21382,0,0.11941,0,0.0,1,0.01219,1,0.4045,0,0.56361,0,0.12174,0,0.66059,0,0.06412,0.05779,2771,1.93229,1434.05222,0.08394,0.03855,,0.05463
48179950600,179,0.14165,0,0.89728,0,0.17487,0,0.38841,0,0.11429,0,0.0,1,0.0875,0,0.44375,0,0.44509,0,0.08268,0,0.91388,0,0.05086,0.00763,2190,6.93306,315.87793,0.09611,0.02014,,0.03602
48179950700,179,0.16675,0,0.99242,0,0.12866,0,0.17855,0,0.09619,0,0.0,1,0.01514,1,0.50146,0,0.44727,0,0.08073,0,0.42528,0,0.1617,0.04766,2175,3.50693,620.20094,0.0985,0.01103,,0.03572
48179950800,179,0.15302,0,0.95625,0,0.12375,0,0.22963,0,0.10256,0,0.0,1,0.08511,0,0.49918,0,0.38298,0,0.07227,0,0.50783,0,0.02173,0.03654,1659,2.66176,623.27083,0.0985,0.01102,,0.03572
