geoid,countyfp,prc_nonengprof_final,prc_nonengprof_final_unreliable_flag,prc_caraccess_final,prc_caraccess_final_unreliable_flag,prcdisabled_final,prcdisabled_final_unreliable_flag,prc_pov_final,prc_pov_final_unreliable_flag,prc_youth_final,prc_youth_final_unreliable_flag,prc_asian,prc_asian_unreliable_flag,prc_black,prc_black_unreliable_flag,prc_latino,prc_latino_unreliable_flag,prc_white,prc_white_unreliable_flag,cvapdens,cvapdens_unreliable_flag,tot_elignonreg_prc_final,tot_elignonreg_prc_final_unreliable_flag,job_dens,pollvoter_dens,pop10,areakm,popdens,vbm_rate_tot,vbm_rate_lat,vbm_rate_asn,vbm_rate_youth
48477170100,477,0.0596,0,0.94227,0,0.15331,0,0.2037,0,0.09549,0,0.0,1,0.32791,0,0.2096,0,0.45986,0,0.10521,0,0.20718,0,0.08809,0.0797,3651,68.08246,53.62615,0.1091,0.06481,0.0,0.02543
48477170200,477,0.0479,0,0.89944,0,0.11658,0,0.11911,0,0.09712,0,0.03436,1,0.13955,0,0.14523,0,0.66682,0,0.18456,0,0.23789,0,0.15442,0.15486,6232,76.55493,81.4056,0.08827,0.01614,0.08673,0.01966
48477170300,477,0.01791,0,0.95509,0,0.05113,1,0.11006,0,0.08847,0,0.01708,1,0.07894,0,0.13595,0,0.71102,0,0.16997,0,0.09637,0,0.3721,0.16586,5850,34.3188,170.46052,0.11937,0.07214,0.03067,0.01093
48477170400,477,0.1233,0,0.96461,0,0.09991,0,0.16151,0,0.26169,0,0.03167,1,0.19682,0,0.23264,0,0.52545,0,0.20148,0,0.32347,0,0.2691,0.1472,6079,81.67953,74.42501,0.08692,0.02663,0.00346,0.02606
48477170500,477,0.05643,0,0.95128,0,0.11114,0,0.08579,1,0.05773,0,0.00058,1,0.11312,0,0.08886,0,0.78822,0,0.20965,0,0.0,1,0.07465,0.26777,6706,825.22825,8.12624,0.08285,0.08418,0.0,0.00545
48477170600,477,0.02412,1,0.98522,0,0.10447,0,0.07144,0,0.03602,1,0.00478,1,0.18766,0,0.16498,0,0.62607,0,0.12913,0,0.0,1,0.04164,0.18461,5200,524.46274,9.91491,0.08718,0.05324,0.27997,0.02207
