geoid,countyfp,prc_nonengprof_final,prc_nonengprof_final_unreliable_flag,prc_caraccess_final,prc_caraccess_final_unreliable_flag,prcdisabled_final,prcdisabled_final_unreliable_flag,prc_pov_final,prc_pov_final_unreliable_flag,prc_youth_final,prc_youth_final_unreliable_flag,prc_asian,prc_asian_unreliable_flag,prc_black,prc_black_unreliable_flag,prc_latino,prc_latino_unreliable_flag,prc_white,prc_white_unreliable_flag,cvapdens,cvapdens_unreliable_flag,tot_elignonreg_prc_final,tot_elignonreg_prc_final_unreliable_flag,job_dens,pollvoter_dens,pop10,areakm,popdens,vbm_rate_tot,vbm_rate_lat,vbm_rate_asn,vbm_rate_youth
48177000100,177,0.16705,0,0.93092,0,0.16405,0,0.11118,0,0.0534,0,0.00185,1,0.07438,0,0.50957,0,0.3892,0,0.1636,0,,1,0.11138,0.19862,3103,608.79041,5.09699,0.07919,0.06211,,0.00686
48177000200,177,0.11279,0,0.9381,0,0.16507,0,0.14502,0,0.06594,0,0.00488,1,0.05918,0,0.39658,0,0.53936,0,0.27228,0,,1,0.24165,0.40276,4874,735.78745,6.6242,0.09724,0.06279,,0.02311
48177000300,177,0.15057,0,0.91172,0,0.10896,0,0.19339,0,0.04257,0,0.0131,1,0.1435,0,0.51146,0,0.33194,0,0.15194,0,,1,0.24986,0.005,3520,4.8866,720.33683,0.10484,0.07596,,0.01228
48177000400,177,0.10779,0,0.91332,0,0.15846,0,0.12925,1,0.19631,0,0.0,1,0.06873,0,0.58677,0,0.32045,0,0.12524,0,,1,0.17816,0.002,2114,2.47564,853.92163,0.09061,0.04621,,0.01886
48177000500,177,0.21387,0,0.93175,0,0.09723,0,0.12674,0,0.10403,0,0.0,1,0.02065,1,0.68482,0,0.29324,0,0.1557,0,,1,0.15517,0.16414,3681,474.773,7.75318,0.08072,0.05351,,0.04339
48177000600,177,0.06521,0,0.9889,0,0.12955,0,0.13732,0,0.08516,0,0.0,1,0.02417,1,0.39087,0,0.57768,0,0.13125,0,,1,0.06377,0.22747,2515,944.19628,2.66364,0.08322,0.05765,,0.04767
