geoid,countyfp,prc_nonengprof_final,prc_nonengprof_final_unreliable_flag,prc_caraccess_final,prc_caraccess_final_unreliable_flag,prcdisabled_final,prcdisabled_final_unreliable_flag,prc_pov_final,prc_pov_final_unreliable_flag,prc_youth_final,prc_youth_final_unreliable_flag,prc_asian,prc_asian_unreliable_flag,prc_black,prc_black_unreliable_flag,prc_latino,prc_latino_unreliable_flag,prc_white,prc_white_unreliable_flag,cvapdens,cvapdens_unreliable_flag,tot_elignonreg_prc_final,tot_elignonreg_prc_final_unreliable_flag,job_dens,pollvoter_dens,pop10,areakm,popdens,vbm_rate_tot,vbm_rate_lat,vbm_rate_asn,vbm_rate_youth
48035950100,35,0.06188,0,0.96871,0,0.11323,0,0.20266,0,0.0957,0,0,1,0.0037,1,0.28456,0,0.69209,0,0.22377,0,,,0.1147,0.29519,4366,1069.50136,4.08228,0.06114,0.05022,0.0375,0.01323
48035950200,35,0.06124,0,0.96831,0,0.11811,0,0.24568,0,0.09016,0,0.01892,1,0.03594,1,0.23644,0,0.69735,0,0.07605,0,,,0.15537,0.00307,1536,9.34779,164.31693,0.05686,0.07209,,0.02565
48035950300,35,0.05659,1,0.99399,0,0.13272,0,0.10519,0,0.02809,1,0.00148,1,0,1,0.11752,0,0.87731,0,0.08227,0,,,0.01825,0.10951,1604,369.16771,4.34491,0.07486,0.04414,0,0.09858
48035950400,35,0.03227,1,0.9921,0,0.09779,0,0.07563,0,0.05983,0,0.0068,1,0.01904,1,0.07669,0,0.86592,0,0.21645,0,,,0.12878,0.32578,3703,798.83913,4.63548,0.06739,0.02371,0,0.02142
48035950500,35,0.05342,0,0.92448,0,0.09651,1,0.2202,0,0.05226,0,0.01387,1,0.02903,1,0.21613,0,0.74097,0,0.16965,0,,,0.5219,0.00383,2992,5.04217,593.39527,0.07888,0.00703,0,0.01756
48035950600,35,0.0143,1,0.9533,0,0.22429,0,0.21581,0,0.04192,1,0,1,0,1,0.04528,1,0.95472,0,0.1042,0,,,0.01512,0.09013,1567,60.35942,25.96115,0.0725,0.04292,0,0.00818
48035950700,35,0.03564,0,0.99051,0,0.14415,0,0.06204,0,0.09655,0,0,1,0.02515,0,0.22637,0,0.71521,0,0.12761,0,,,0.04588,0.17249,2444,284.31681,8.59604,0.04645,0.01564,0,0.03135
