geoid,countyfp,prc_nonengprof_final,prc_nonengprof_final_unreliable_flag,prc_caraccess_final,prc_caraccess_final_unreliable_flag,prcdisabled_final,prcdisabled_final_unreliable_flag,prc_pov_final,prc_pov_final_unreliable_flag,prc_youth_final,prc_youth_final_unreliable_flag,prc_asian,prc_asian_unreliable_flag,prc_black,prc_black_unreliable_flag,prc_latino,prc_latino_unreliable_flag,prc_white,prc_white_unreliable_flag,cvapdens,cvapdens_unreliable_flag,tot_elignonreg_prc_final,tot_elignonreg_prc_final_unreliable_flag,job_dens,pollvoter_dens,pop10,areakm,popdens,vbm_rate_tot,vbm_rate_lat,vbm_rate_asn,vbm_rate_youth
48419950100,419,0.05212,0,0.89923,0,0.16312,0,0.24399,0,0.07508,0,0.0,1,0.13133,0,0.16075,0,0.69494,0,0.19901,0,0.10278,0,0.10595,0.19979,5109,391.04412,13.06502,0.06416,0.0,0.0,2e-05
48419950200,419,0.02502,0,0.86884,0,0.11571,0,0.19822,0,0.11627,0,0.00849,1,0.26838,0,0.1314,0,0.58641,0,0.16691,0,0.08692,0,0.04642,0.173,3809,390.9188,9.74371,0.05574,0.0,0.0,0.00875
48419950300,419,0.15077,0,0.98827,0,0.13346,0,0.15018,0,0.08745,0,0.0,1,0.07624,0,0.29767,0,0.60802,0,0.17216,0,0.0,1,0.06027,0.24846,4605,333.1992,13.82056,0.06428,0.01505,0.0,0.00298
48419950400,419,0.1508,0,0.90559,0,0.19181,0,0.35534,0,0.15491,0,0.0,1,0.35378,0,0.26764,0,0.37859,0,0.1923,0,0.67775,0,0.70207,0.05684,6003,40.23139,149.21186,0.08427,0.03403,0.0,0.00212
48419950500,419,0.03291,1,0.97485,0,0.15754,0,0.11214,0,0.04378,0,0.02459,1,0.02939,1,0.04738,1,0.89565,0,0.13102,0,0.0,1,0.03013,0.16808,2744,385.03565,7.12661,0.06154,0.01473,0.0,0.01815
48419950600,419,0.04891,1,0.97407,0,0.164,0,0.24235,0,0.07416,0,0.0,1,0.22846,0,0.09624,1,0.67529,0,0.13861,0,0.10821,0,0.05516,0.15384,3178,621.2188,5.11575,0.07475,0.0,0.0,0.02941
