geoid,countyfp,prc_nonengprof_final,prc_nonengprof_final_unreliable_flag,prc_caraccess_final,prc_caraccess_final_unreliable_flag,prcdisabled_final,prcdisabled_final_unreliable_flag,prc_pov_final,prc_pov_final_unreliable_flag,prc_youth_final,prc_youth_final_unreliable_flag,prc_asian,prc_asian_unreliable_flag,prc_black,prc_black_unreliable_flag,prc_latino,prc_latino_unreliable_flag,prc_white,prc_white_unreliable_flag,cvapdens,cvapdens_unreliable_flag,tot_elignonreg_prc_final,tot_elignonreg_prc_final_unreliable_flag,job_dens,pollvoter_dens,pop10,areakm,popdens,vbm_rate_tot,vbm_rate_lat,vbm_rate_asn,vbm_rate_youth
48299970100,299,0.00902,1,0.99208,0,0.22166,0,0.05162,0,0.04457,1,0.00064,1,0.0,1,0.01347,1,0.97948,0,0.15282,0,0.0,1,0.04947,0.2741,2674,1016.73874,2.62998,0.13664,0.05875,0.0,0.08714
48299970200,299,0.05296,1,0.93718,0,0.27102,0,0.19983,0,0.05996,0,0.0,1,0.00572,1,0.22731,0,0.69774,0,0.1563,0,0.96833,0,0.46138,0.00541,3524,32.15498,109.59422,0.13237,0.06417,,0.09429
48299970300,299,0.00832,1,0.98499,0,0.07466,0,0.06059,0,0.04557,0,0.0,1,0.0,1,0.04764,0,0.94925,0,0.10014,0,0.0,1,0.0631,0.2356,1837,1274.44832,1.44141,0.14461,0.09702,0.0,0.09276
48299970400,299,0.0,1,1.0,0,0.08887,1,0.05792,0,0.0141,1,0.00244,1,0.0,1,0.08216,0,0.90266,0,0.18755,0,0.0,1,0.16456,0.2398,3443,65.17706,52.82533,0.15223,0.12577,0.0,0.13399
48299970500,299,0.03888,1,0.90302,0,0.23144,0,0.11967,0,0.06995,0,0.00617,1,0.01668,1,0.10807,0,0.85156,0,0.32996,0,0.42966,0,0.20596,0.18006,6030,25.44703,236.96283,0.13762,0.04847,0.0,0.05075
48299970600,299,0.0297,1,0.96064,0,0.17258,0,0.11355,0,0.03187,1,0.00398,1,0.0,1,0.09628,1,0.88977,0,0.07323,0,0.14941,0,0.05553,0.06503,1793,87.59106,20.47013,0.1345,0.0,0.0,0.09318
