geoid,countyfp,prc_nonengprof_final,prc_nonengprof_final_unreliable_flag,prc_caraccess_final,prc_caraccess_final_unreliable_flag,prcdisabled_final,prcdisabled_final_unreliable_flag,prc_pov_final,prc_pov_final_unreliable_flag,prc_youth_final,prc_youth_final_unreliable_flag,prc_asian,prc_asian_unreliable_flag,prc_black,prc_black_unreliable_flag,prc_latino,prc_latino_unreliable_flag,prc_white,prc_white_unreliable_flag,cvapdens,cvapdens_unreliable_flag,tot_elignonreg_prc_final,tot_elignonreg_prc_final_unreliable_flag,job_dens,pollvoter_dens,pop10,areakm,popdens,vbm_rate_tot,vbm_rate_lat,vbm_rate_asn,vbm_rate_youth
48473680100,473,0.11073,0,0.98644,0,0.07369,0,0.07304,1,0.11961,0,0.04042,0,0.05109,1,0.23441,0,0.63231,0,0.12699,0,0.0,1,0.10827,0.18587,2511,62.52899,40.15737,0.03868,0.01895,0.09692,0.01336
48473680200,473,0.22297,0,0.99248,0,0.15243,0,0.1706,0,0.11305,0,0.00575,1,0.1783,0,0.52017,0,0.28509,0,0.16913,0,0.0,1,0.20343,0.17944,9966,393.5758,25.32168,0.05484,0.02717,0.04618,0.00557
48473680300,473,0.07656,0,0.94315,0,0.11256,0,0.20474,0,0.2185,0,0.00725,1,0.29331,0,0.26546,0,0.42477,0,0.20866,0,0.0,1,0.21049,0.22462,10369,277.63545,37.34754,0.06057,0.01557,0.0,0.00566
48473680400,473,0.00247,1,,1,,1,,1,0.96767,0,0.00321,1,0.91732,0,0.05306,0,0.00765,1,0.11497,0,0.49302,0,0.10928,0.04734,3191,4.97147,641.86198,0.0091,0.0,0.0,0.00146
48473680500,473,0.1463,0,0.9386,0,0.12011,0,0.23317,0,0.13309,0,0.00491,1,0.33009,0,0.32664,0,0.32509,0,0.19925,0,0.14873,0,0.27606,0.17462,9261,395.96922,23.38818,0.07165,0.01665,0.0,0.00583
48473680600,473,0.1033,0,0.98787,0,0.09702,0,0.0922,0,0.11323,0,0.00145,1,0.00635,1,0.22679,0,0.76541,0,0.181,0,0.05622,0,0.09247,0.18812,7907,206.46265,38.29748,0.05388,0.01081,0.0,0.00303
