geoid,countyfp,prc_nonengprof_final,prc_nonengprof_final_unreliable_flag,prc_caraccess_final,prc_caraccess_final_unreliable_flag,prcdisabled_final,prcdisabled_final_unreliable_flag,prc_pov_final,prc_pov_final_unreliable_flag,prc_youth_final,prc_youth_final_unreliable_flag,prc_asian,prc_asian_unreliable_flag,prc_black,prc_black_unreliable_flag,prc_latino,prc_latino_unreliable_flag,prc_white,prc_white_unreliable_flag,cvapdens,cvapdens_unreliable_flag,tot_elignonreg_prc_final,tot_elignonreg_prc_final_unreliable_flag,job_dens,pollvoter_dens,pop10,areakm,popdens,vbm_rate_tot,vbm_rate_lat,vbm_rate_asn,vbm_rate_youth
48133950100,133,0.02043,1,0.89449,0,0.20201,0,0.1861,0,0.13006,0,0.00149,1,0.04107,0,0.11875,0,0.83125,0,0.18007,0,0.2604,0,0.12234,0.14036,2980,427.99163,6.96275,0.08688,0.0252,0.0,0.00968
48133950200,133,0.1189,0,0.92609,0,0.22635,0,0.21792,0,0.07108,0,0.01861,1,0.03331,1,0.23353,0,0.7112,0,0.29964,0,0.24984,0,0.46496,0.2719,6116,402.92309,15.17908,0.10546,0.03733,0.0,0.01323
48133950300,133,0.049,0,0.94557,0,0.16016,0,0.09222,0,0.12546,0,0.00155,1,0.02532,0,0.12643,0,0.83839,0,0.28043,0,0.23332,0,0.32541,0.26368,5120,546.32723,9.37167,0.12271,0.06886,0.0,0.02505
48133950400,133,0.02089,1,0.95467,0,0.17444,0,0.14056,0,0.09359,0,0.0,1,0.03891,1,0.08623,0,0.87277,0,0.11068,0,0.02854,0,0.03661,0.13209,1932,489.65183,3.94566,0.14062,0.04539,0.0,0.0
48133950500,133,0.05556,1,0.91102,0,0.24555,0,0.31245,0,0.12946,0,0.0,1,0.0,1,0.20982,0,0.7638,0,0.12918,0,0.0,1,0.05069,0.19198,2435,546.7534,4.45356,0.10691,0.03637,0.0,0.01345
