geoid,countyfp,prc_nonengprof_final,prc_nonengprof_final_unreliable_flag,prc_caraccess_final,prc_caraccess_final_unreliable_flag,prcdisabled_final,prcdisabled_final_unreliable_flag,prc_pov_final,prc_pov_final_unreliable_flag,prc_youth_final,prc_youth_final_unreliable_flag,prc_asian,prc_asian_unreliable_flag,prc_black,prc_black_unreliable_flag,prc_latino,prc_latino_unreliable_flag,prc_white,prc_white_unreliable_flag,cvapdens,cvapdens_unreliable_flag,tot_elignonreg_prc_final,tot_elignonreg_prc_final_unreliable_flag,job_dens,pollvoter_dens,pop10,areakm,popdens,vbm_rate_tot,vbm_rate_lat,vbm_rate_asn,vbm_rate_youth
48459950100,459,0.02467,0,0.95142,0,0.11059,0,0.15965,0,0.07729,0,0.00533,1,0.03715,0,0.08353,0,0.84074,0,0.18277,0,0.0,1,0.16582,0.2247,8459,366.70613,23.06752,0.06335,0.0146,0.0,0.01867
48459950200,459,0.01664,1,0.99144,0,0.12955,0,0.21778,0,0.04347,0,0.00331,1,0.12643,0,0.10944,1,0.74228,0,0.09942,0,0.09969,0,0.02577,0.09954,3591,367.02717,9.78402,0.08362,0.03458,0.0,0.00224
48459950300,459,0.02127,0,0.95644,0,0.22988,0,0.22222,0,0.05069,0,0.00393,1,0.05566,0,0.09293,0,0.82328,0,0.20613,0,0.03833,0,0.15938,0.22201,8191,327.77845,24.98944,0.08092,0.00693,0.0,0.02846
48459950400,459,0.01084,1,0.89993,0,0.1204,0,0.13888,0,0.10837,0,0.00091,1,0.22542,0,0.07004,0,0.64134,0,0.10936,0,0.31594,0,0.42964,0.07594,4347,13.8147,314.66472,0.10111,0.0,0.0,0.02353
48459950500,459,0.01297,1,0.93797,0,0.16993,0,0.16349,0,0.12988,0,0.00094,1,0.07348,0,0.06831,1,0.85493,0,0.16355,0,0.08596,0,0.15395,0.1664,5980,279.90279,21.36456,0.07175,0.03033,0.0,0.0177
48459950600,459,0.00769,1,0.99025,0,0.16841,0,0.11438,0,0.06277,0,0.00703,1,0.0949,0,0.03465,0,0.85287,0,0.10555,0,0.36019,0,0.03357,0.07398,3950,40.1072,98.48605,0.08286,0.04348,,0.04796
48459950700,459,0.04356,1,0.9768,0,0.13299,0,0.05835,0,0.09689,0,0.0,1,0.03001,1,0.12986,0,0.80697,0,0.13322,0,0.11085,0,0.03188,0.13742,4791,139.48738,34.34719,0.05267,0.01643,0.09773,0.02261
