geoid,countyfp,prc_nonengprof_final,prc_nonengprof_final_unreliable_flag,prc_caraccess_final,prc_caraccess_final_unreliable_flag,prcdisabled_final,prcdisabled_final_unreliable_flag,prc_pov_final,prc_pov_final_unreliable_flag,prc_youth_final,prc_youth_final_unreliable_flag,prc_asian,prc_asian_unreliable_flag,prc_black,prc_black_unreliable_flag,prc_latino,prc_latino_unreliable_flag,prc_white,prc_white_unreliable_flag,cvapdens,cvapdens_unreliable_flag,tot_elignonreg_prc_final,tot_elignonreg_prc_final_unreliable_flag,job_dens,pollvoter_dens,pop10,areakm,popdens,vbm_rate_tot,vbm_rate_lat,vbm_rate_asn,vbm_rate_youth
48015760100,15,0.10252,0,0.93693,0,0.15294,0,0.13102,0,0.05753,0,0.0,1,0.11615,0,0.40129,0,0.44408,0,0.08785,0,0.04629,0,0.02522,0.08095,2400,177.72126,13.50429,0.08075,0.06161,0.0,0.00195
48015760200,15,0.10174,0,0.93853,0,0.11363,0,0.14867,0,0.06739,0,0.00272,1,0.10483,0,0.34173,0,0.54544,0,0.18747,0,0.08159,0,0.19571,0.17145,6032,154.86178,38.95086,0.06891,0.03721,0.0,0.02342
48015760300,15,0.08761,0,0.91298,0,0.09593,0,0.10979,0,0.07496,0,0.0,1,0.04574,1,0.36889,0,0.55364,0,0.21771,0,0.0,1,0.26558,0.25067,7037,364.87095,19.28627,0.07303,0.04614,0.0,0.02171
48015760400,15,0.05985,0,0.99037,0,0.06716,0,0.12692,0,0.10826,0,0.0237,1,0.08057,0,0.17935,0,0.71115,0,0.14474,0,0.0917,0,0.07683,0.15291,3660,497.24663,7.36053,0.0699,0.04507,0.0,0.04222
48015760501,15,0.03098,1,0.98189,0,0.1417,0,0.06813,1,0.05905,0,0.0,1,0.03147,1,0.09665,0,0.84226,0,0.17115,0,0.0,1,0.12583,0.19267,4184,288.08923,14.52328,0.08257,0.02301,0.0,0.05788
48015760502,15,0.12241,0,0.95759,0,0.19062,0,0.14439,0,0.1124,0,0.0,1,0.16105,0,0.21614,0,0.61728,0,0.19107,0,0.23198,0,0.31081,0.15135,5104,217.23627,23.49516,0.08377,0.0137,0.0,0.03524
