geoid,countyfp,prc_nonengprof_final,prc_nonengprof_final_unreliable_flag,prc_caraccess_final,prc_caraccess_final_unreliable_flag,prcdisabled_final,prcdisabled_final_unreliable_flag,prc_pov_final,prc_pov_final_unreliable_flag,prc_youth_final,prc_youth_final_unreliable_flag,prc_asian,prc_asian_unreliable_flag,prc_black,prc_black_unreliable_flag,prc_latino,prc_latino_unreliable_flag,prc_white,prc_white_unreliable_flag,cvapdens,cvapdens_unreliable_flag,tot_elignonreg_prc_final,tot_elignonreg_prc_final_unreliable_flag,job_dens,pollvoter_dens,pop10,areakm,popdens,vbm_rate_tot,vbm_rate_lat,vbm_rate_asn,vbm_rate_youth
48223950100,223,0.01236,1,0.96364,0,0.14364,0,0.13291,0,0.05204,0,0.02287,1,0.01028,1,0.0822,0,0.85151,0,0.08031,0,0.0,1,0.00812,0.09964,2825,518.62199,5.44713,0.04816,0.0,0.0,0.00124
48223950200,223,0.02994,0,0.95785,0,0.11092,0,0.10648,0,0.05489,0,0.00047,1,0.00281,1,0.0943,0,0.85057,0,0.12378,0,0.0,1,0.02202,0.15171,4263,428.17001,9.95633,0.0662,0.05038,0.0,0.01106
48223950300,223,0.046,0,0.9973,0,0.10734,0,0.06244,1,0.06902,0,0.00581,1,0.0151,1,0.1996,0,0.77169,0,0.16452,0,0.0,1,0.10698,0.33224,5652,405.96974,13.92222,0.07411,0.01168,0.0,0.03211
48223950401,223,0.04432,0,0.9378,0,0.14391,0,0.17683,0,0.07288,0,0.00206,1,0.11126,0,0.19831,0,0.67832,0,0.11949,0,0.71039,0,0.08855,0.03798,4014,4.25998,942.25899,0.07449,0.03506,0.0,0.03788
48223950402,223,0.00568,1,0.92861,0,0.18262,0,0.08189,0,0.08151,0,0.00824,1,0.02049,1,0.0662,0,0.88716,0,0.1232,0,0.54412,0,0.38341,0.05968,3759,13.91272,270.18441,0.06248,0.00059,0.0,0.04955
48223950500,223,0.02336,1,0.9648,0,0.16677,0,0.2243,0,0.15641,0,0.0,1,0.22629,0,0.14443,0,0.57304,0,0.08889,0,0.7234,0,0.08371,0.02486,3019,12.11633,249.16796,0.07821,0.02665,,0.03214
48223950600,223,0.07699,1,0.92175,0,0.11793,0,0.23951,0,0.08699,0,0.01609,1,0.22552,0,0.21025,0,0.53177,0,0.10409,0,0.53361,0,0.23333,0.05042,3856,13.98338,275.75591,0.08805,0.03776,0.0,0.01857
48223950700,223,0.10985,0,0.98411,0,0.10852,0,0.20299,0,0.07726,0,0.00593,1,0.03043,1,0.32069,0,0.63663,0,0.11871,0,0.0,1,0.05529,0.13169,4915,449.57045,10.93266,0.0712,0.01661,0.0,0.01575
48223950800,223,0.03422,0,0.98532,0,0.09524,0,0.07306,0,0.08746,0,0.00142,1,0.06586,0,0.11579,0,0.80135,0,0.077,0,0.0,1,0.01859,0.11178,2858,206.66488,13.82915,0.07227,0.00928,0.0,0.02931
