geoid,countyfp,prc_nonengprof_final,prc_nonengprof_final_unreliable_flag,prc_caraccess_final,prc_caraccess_final_unreliable_flag,prcdisabled_final,prcdisabled_final_unreliable_flag,prc_pov_final,prc_pov_final_unreliable_flag,prc_youth_final,prc_youth_final_unreliable_flag,prc_asian,prc_asian_unreliable_flag,prc_black,prc_black_unreliable_flag,prc_latino,prc_latino_unreliable_flag,prc_white,prc_white_unreliable_flag,cvapdens,cvapdens_unreliable_flag,tot_elignonreg_prc_final,tot_elignonreg_prc_final_unreliable_flag,job_dens,pollvoter_dens,pop10,areakm,popdens,vbm_rate_tot,vbm_rate_lat,vbm_rate_asn,vbm_rate_youth
48293970100,293,0.17822,0,0.97162,0,0.10448,0,0.17414,0,0.0733,0,0.0,1,0.14438,0,0.36739,0,0.48823,0,0.08785,0,0.0,1,0.04992,0.12744,2180,630.36889,3.45829,0.05575,0.01491,,0.0
48293970200,293,0.04891,0,0.9821,0,0.13057,0,0.08038,0,0.06882,0,0.0,1,0.1578,0,0.21774,0,0.60081,0,0.16125,0,0.0,1,0.11509,0.27486,4027,284.6588,14.14676,0.0798,0.04486,0.0,0.01463
48293970300,293,0.13783,0,0.93271,0,0.17119,0,0.24576,0,0.09983,0,0.01936,1,0.29303,0,0.3167,0,0.3537,0,0.09326,0,0.72559,0,0.29459,0.02509,2341,11.04214,212.006,0.09577,0.04052,0.0,0.00998
48293970400,293,0.18602,0,0.9717,0,0.10791,0,0.40447,0,0.12745,0,0.0,1,0.24439,0,0.37613,0,0.37184,0,0.07551,0,0.0,1,0.03887,0.022,2182,3.86899,563.97199,0.09394,0.02739,0.0,0.0
48293970500,293,0.13429,0,0.93201,0,0.18512,0,0.29624,0,0.08046,0,0.00313,1,0.23197,0,0.36207,0,0.32497,0,0.0731,0,0.87925,0,0.18902,0.00934,2003,3.17645,630.57904,0.09663,0.05268,0.0,0.03093
48293970600,293,0.05872,0,0.91382,0,0.13494,0,0.2163,0,0.10267,0,0.0,1,0.20552,0,0.14167,0,0.63698,0,0.26895,0,0.47743,0,0.26334,0.17708,5915,438.18813,13.49877,0.07288,0.03975,0.0,0.0
48293970700,293,0.03708,1,0.9886,0,0.10865,0,0.14075,1,0.06274,0,0.0251,1,0.02291,1,0.03764,1,0.91435,0,0.08153,0,0.0,1,0.00686,0.12787,1798,336.09521,5.34967,0.07007,0.0006,0.0,0.02568
48293970800,293,0.0742,1,0.98459,0,0.21259,0,0.12021,0,0.04403,0,0.02348,1,0.04315,1,0.11007,0,0.81039,0,0.15854,0,0.0,1,0.0423,0.2363,2938,709.48477,4.14103,0.08859,0.04289,0.0,0.00929
